file,label,score,threshold_pass
J:\CLAUDE\PROJECTS\Wakeword\eval_clean\positives\edge_tts\en-AU-NatashaNeural_hey_viola.wav,positive,0.917609,True
J:\CLAUDE\PROJECTS\Wakeword\eval_clean\positives\edge_tts\en-AU-NatashaNeural_hey_viola_noisy.wav,positive,0.969435,True
J:\CLAUDE\PROJECTS\Wakeword\eval_clean\positives\edge_tts\en-AU-NatashaNeural_hey_viola_reverb.wav,positive,0.900791,True
J:\CLAUDE\PROJECTS\Wakeword\eval_clean\positives\edge_tts\en-AU-NatashaNeural_ok_viola.wav,positive,0.963255,True
J:\CLAUDE\PROJECTS\Wakeword\eval_clean\positives\edge_tts\en-AU-NatashaNeural_ok_viola_noisy.wav,positive,0.980099,True
J:\CLAUDE\PROJECTS\Wakeword\eval_clean\positives\edge_tts\en-AU-NatashaNeural_ok_viola_reverb.wav,positive,0.957432,True
J:\CLAUDE\PROJECTS\Wakeword\eval_clean\positives\edge_tts\en-AU-NatashaNeural_viola.wav,positive,0.823990,True
J:\CLAUDE\PROJECTS\Wakeword\eval_clean\positives\edge_tts\en-AU-NatashaNeural_viola_noisy.wav,positive,0.902118,True
J:\CLAUDE\PROJECTS\Wakeword\eval_clean\positives\edge_tts\en-AU-NatashaNeural_viola_reverb.wav,positive,0.846675,True
J:\CLAUDE\PROJECTS\Wakeword\eval_clean\positives\edge_tts\en-AU-NatashaNeural_viola_wake_up.wav,positive,0.105833,False
J:\CLAUDE\PROJECTS\Wakeword\eval_clean\positives\edge_tts\en-AU-NatashaNeural_viola_wake_up_noisy.wav,positive,0.141808,False
J:\CLAUDE\PROJECTS\Wakeword\eval_clean\positives\edge_tts\en-AU-NatashaNeural_viola_wake_up_reverb.wav,positive,0.157968,False
J:\CLAUDE\PROJECTS\Wakeword\eval_clean\positives\edge_tts\en-AU-WilliamNeural_hey_viola.wav,positive,0.928576,True
J:\CLAUDE\PROJECTS\Wakeword\eval_clean\positives\edge_tts\en-AU-WilliamNeural_hey_viola_noisy.wav,positive,0.960657,True
J:\CLAUDE\PROJECTS\Wakeword\eval_clean\positives\edge_tts\en-AU-WilliamNeural_hey_viola_reverb.wav,positive,0.941459,True
J:\CLAUDE\PROJECTS\Wakeword\eval_clean\positives\edge_tts\en-AU-WilliamNeural_ok_viola.wav,positive,0.929070,True
J:\CLAUDE\PROJECTS\Wakeword\eval_clean\positives\edge_tts\en-AU-WilliamNeural_ok_viola_noisy.wav,positive,0.940964,True
J:\CLAUDE\PROJECTS\Wakeword\eval_clean\positives\edge_tts\en-AU-WilliamNeural_ok_viola_reverb.wav,positive,0.920491,True
J:\CLAUDE\PROJECTS\Wakeword\eval_clean\positives\edge_tts\en-AU-WilliamNeural_viola.wav,positive,0.950251,True
J:\CLAUDE\PROJECTS\Wakeword\eval_clean\positives\edge_tts\en-AU-WilliamNeural_viola_noisy.wav,positive,0.979798,True
J:\CLAUDE\PROJECTS\Wakeword\eval_clean\positives\edge_tts\en-AU-WilliamNeural_viola_reverb.wav,positive,0.948088,True
J:\CLAUDE\PROJECTS\Wakeword\eval_clean\positives\edge_tts\en-AU-WilliamNeural_viola_wake_up.wav,positive,0.009833,False
J:\CLAUDE\PROJECTS\Wakeword\eval_clean\positives\edge_tts\en-AU-WilliamNeural_viola_wake_up_noisy.wav,positive,0.016791,False
J:\CLAUDE\PROJECTS\Wakeword\eval_clean\positives\edge_tts\en-AU-WilliamNeural_viola_wake_up_reverb.wav,positive,0.022612,False
J:\CLAUDE\PROJECTS\Wakeword\eval_clean\positives\edge_tts\en-CA-ClaraNeural_hey_viola.wav,positive,0.942390,True
J:\CLAUDE\PROJECTS\Wakeword\eval_clean\positives\edge_tts\en-CA-ClaraNeural_hey_viola_noisy.wav,positive,0.981428,True
J:\CLAUDE\PROJECTS\Wakeword\eval_clean\positives\edge_tts\en-CA-ClaraNeural_hey_viola_reverb.wav,positive,0.945506,True
J:\CLAUDE\PROJECTS\Wakeword\eval_clean\positives\edge_tts\en-CA-ClaraNeural_ok_viola.wav,positive,0.982531,True
J:\CLAUDE\PROJECTS\Wakeword\eval_clean\positives\edge_tts\en-CA-ClaraNeural_ok_viola_noisy.wav,positive,0.990807,True
J:\CLAUDE\PROJECTS\Wakeword\eval_clean\positives\edge_tts\en-CA-ClaraNeural_ok_viola_reverb.wav,positive,0.981339,True
J:\CLAUDE\PROJECTS\Wakeword\eval_clean\positives\edge_tts\en-CA-ClaraNeural_viola.wav,positive,0.908876,True
J:\CLAUDE\PROJECTS\Wakeword\eval_clean\positives\edge_tts\en-CA-ClaraNeural_viola_noisy.wav,positive,0.963435,True
J:\CLAUDE\PROJECTS\Wakeword\eval_clean\positives\edge_tts\en-CA-ClaraNeural_viola_reverb.wav,positive,0.906650,True
J:\CLAUDE\PROJECTS\Wakeword\eval_clean\positives\edge_tts\en-CA-ClaraNeural_viola_wake_up.wav,positive,0.003494,False
J:\CLAUDE\PROJECTS\Wakeword\eval_clean\positives\edge_tts\en-CA-ClaraNeural_viola_wake_up_noisy.wav,positive,0.033713,False
J:\CLAUDE\PROJECTS\Wakeword\eval_clean\positives\edge_tts\en-CA-ClaraNeural_viola_wake_up_reverb.wav,positive,0.050438,False
J:\CLAUDE\PROJECTS\Wakeword\eval_clean\positives\edge_tts\en-CA-LiamNeural_hey_viola.wav,positive,0.811682,True
J:\CLAUDE\PROJECTS\Wakeword\eval_clean\positives\edge_tts\en-CA-LiamNeural_hey_viola_noisy.wav,positive,0.964231,True
J:\CLAUDE\PROJECTS\Wakeword\eval_clean\positives\edge_tts\en-CA-LiamNeural_hey_viola_reverb.wav,positive,0.785437,True
J:\CLAUDE\PROJECTS\Wakeword\eval_clean\positives\edge_tts\en-CA-LiamNeural_ok_viola.wav,positive,0.962201,True
J:\CLAUDE\PROJECTS\Wakeword\eval_clean\positives\edge_tts\en-CA-LiamNeural_ok_viola_noisy.wav,positive,0.987521,True
J:\CLAUDE\PROJECTS\Wakeword\eval_clean\positives\edge_tts\en-CA-LiamNeural_ok_viola_reverb.wav,positive,0.950734,True
J:\CLAUDE\PROJECTS\Wakeword\eval_clean\positives\edge_tts\en-CA-LiamNeural_viola.wav,positive,0.864035,True
J:\CLAUDE\PROJECTS\Wakeword\eval_clean\positives\edge_tts\en-CA-LiamNeural_viola_noisy.wav,positive,0.971997,True
J:\CLAUDE\PROJECTS\Wakeword\eval_clean\positives\edge_tts\en-CA-LiamNeural_viola_reverb.wav,positive,0.865154,True
J:\CLAUDE\PROJECTS\Wakeword\eval_clean\positives\edge_tts\en-CA-LiamNeural_viola_wake_up.wav,positive,0.127700,False
J:\CLAUDE\PROJECTS\Wakeword\eval_clean\positives\edge_tts\en-CA-LiamNeural_viola_wake_up_noisy.wav,positive,0.669406,True
J:\CLAUDE\PROJECTS\Wakeword\eval_clean\positives\edge_tts\en-CA-LiamNeural_viola_wake_up_reverb.wav,positive,0.304696,False
J:\CLAUDE\PROJECTS\Wakeword\eval_clean\positives\edge_tts\en-GB-LibbyNeural_hey_viola.wav,positive,0.915925,True
J:\CLAUDE\PROJECTS\Wakeword\eval_clean\positives\edge_tts\en-GB-LibbyNeural_hey_viola_noisy.wav,positive,0.929852,True
J:\CLAUDE\PROJECTS\Wakeword\eval_clean\positives\edge_tts\en-GB-LibbyNeural_hey_viola_reverb.wav,positive,0.885874,True
J:\CLAUDE\PROJECTS\Wakeword\eval_clean\positives\edge_tts\en-GB-LibbyNeural_ok_viola.wav,positive,0.962454,True
J:\CLAUDE\PROJECTS\Wakeword\eval_clean\positives\edge_tts\en-GB-LibbyNeural_ok_viola_noisy.wav,positive,0.970494,True
J:\CLAUDE\PROJECTS\Wakeword\eval_clean\positives\edge_tts\en-GB-LibbyNeural_ok_viola_reverb.wav,positive,0.909820,True
J:\CLAUDE\PROJECTS\Wakeword\eval_clean\positives\edge_tts\en-GB-LibbyNeural_viola.wav,positive,0.828089,True
J:\CLAUDE\PROJECTS\Wakeword\eval_clean\positives\edge_tts\en-GB-LibbyNeural_viola_noisy.wav,positive,0.913198,True
J:\CLAUDE\PROJECTS\Wakeword\eval_clean\positives\edge_tts\en-GB-LibbyNeural_viola_reverb.wav,positive,0.793708,True
J:\CLAUDE\PROJECTS\Wakeword\eval_clean\positives\edge_tts\en-GB-LibbyNeural_viola_wake_up.wav,positive,0.202560,False
J:\CLAUDE\PROJECTS\Wakeword\eval_clean\positives\edge_tts\en-GB-LibbyNeural_viola_wake_up_noisy.wav,positive,0.331302,False
J:\CLAUDE\PROJECTS\Wakeword\eval_clean\positives\edge_tts\en-GB-LibbyNeural_viola_wake_up_reverb.wav,positive,0.224334,False
J:\CLAUDE\PROJECTS\Wakeword\eval_clean\positives\edge_tts\en-GB-RyanNeural_hey_viola.wav,positive,0.922006,True
J:\CLAUDE\PROJECTS\Wakeword\eval_clean\positives\edge_tts\en-GB-RyanNeural_hey_viola_noisy.wav,positive,0.951734,True
J:\CLAUDE\PROJECTS\Wakeword\eval_clean\positives\edge_tts\en-GB-RyanNeural_hey_viola_reverb.wav,positive,0.887097,True
J:\CLAUDE\PROJECTS\Wakeword\eval_clean\positives\edge_tts\en-GB-RyanNeural_ok_viola.wav,positive,0.950420,True
J:\CLAUDE\PROJECTS\Wakeword\eval_clean\positives\edge_tts\en-GB-RyanNeural_ok_viola_noisy.wav,positive,0.987678,True
J:\CLAUDE\PROJECTS\Wakeword\eval_clean\positives\edge_tts\en-GB-RyanNeural_ok_viola_reverb.wav,positive,0.963448,True
J:\CLAUDE\PROJECTS\Wakeword\eval_clean\positives\edge_tts\en-GB-RyanNeural_viola.wav,positive,0.808006,True
J:\CLAUDE\PROJECTS\Wakeword\eval_clean\positives\edge_tts\en-GB-RyanNeural_viola_noisy.wav,positive,0.952776,True
J:\CLAUDE\PROJECTS\Wakeword\eval_clean\positives\edge_tts\en-GB-RyanNeural_viola_reverb.wav,positive,0.875030,True
J:\CLAUDE\PROJECTS\Wakeword\eval_clean\positives\edge_tts\en-GB-RyanNeural_viola_wake_up.wav,positive,0.228826,False
J:\CLAUDE\PROJECTS\Wakeword\eval_clean\positives\edge_tts\en-GB-RyanNeural_viola_wake_up_noisy.wav,positive,0.509674,True
J:\CLAUDE\PROJECTS\Wakeword\eval_clean\positives\edge_tts\en-GB-RyanNeural_viola_wake_up_reverb.wav,positive,0.651068,True
J:\CLAUDE\PROJECTS\Wakeword\eval_clean\positives\edge_tts\en-GB-SoniaNeural_hey_viola.wav,positive,0.950089,True
J:\CLAUDE\PROJECTS\Wakeword\eval_clean\positives\edge_tts\en-GB-SoniaNeural_hey_viola_noisy.wav,positive,0.947913,True
J:\CLAUDE\PROJECTS\Wakeword\eval_clean\positives\edge_tts\en-GB-SoniaNeural_hey_viola_reverb.wav,positive,0.923644,True
J:\CLAUDE\PROJECTS\Wakeword\eval_clean\positives\edge_tts\en-GB-SoniaNeural_ok_viola.wav,positive,0.732150,True
J:\CLAUDE\PROJECTS\Wakeword\eval_clean\positives\edge_tts\en-GB-SoniaNeural_ok_viola_noisy.wav,positive,0.845690,True
J:\CLAUDE\PROJECTS\Wakeword\eval_clean\positives\edge_tts\en-GB-SoniaNeural_ok_viola_reverb.wav,positive,0.779013,True
J:\CLAUDE\PROJECTS\Wakeword\eval_clean\positives\edge_tts\en-GB-SoniaNeural_viola.wav,positive,0.953981,True
J:\CLAUDE\PROJECTS\Wakeword\eval_clean\positives\edge_tts\en-GB-SoniaNeural_viola_noisy.wav,positive,0.967452,True
J:\CLAUDE\PROJECTS\Wakeword\eval_clean\positives\edge_tts\en-GB-SoniaNeural_viola_reverb.wav,positive,0.962139,True
J:\CLAUDE\PROJECTS\Wakeword\eval_clean\positives\edge_tts\en-GB-SoniaNeural_viola_wake_up.wav,positive,0.037640,False
J:\CLAUDE\PROJECTS\Wakeword\eval_clean\positives\edge_tts\en-GB-SoniaNeural_viola_wake_up_noisy.wav,positive,0.125130,False
J:\CLAUDE\PROJECTS\Wakeword\eval_clean\positives\edge_tts\en-GB-SoniaNeural_viola_wake_up_reverb.wav,positive,0.069260,False
J:\CLAUDE\PROJECTS\Wakeword\eval_clean\positives\edge_tts\en-GB-ThomasNeural_hey_viola.wav,positive,0.883782,True
J:\CLAUDE\PROJECTS\Wakeword\eval_clean\positives\edge_tts\en-GB-ThomasNeural_hey_viola_noisy.wav,positive,0.971092,True
J:\CLAUDE\PROJECTS\Wakeword\eval_clean\positives\edge_tts\en-GB-ThomasNeural_hey_viola_reverb.wav,positive,0.889562,True
J:\CLAUDE\PROJECTS\Wakeword\eval_clean\positives\edge_tts\en-GB-ThomasNeural_ok_viola.wav,positive,0.876353,True
J:\CLAUDE\PROJECTS\Wakeword\eval_clean\positives\edge_tts\en-GB-ThomasNeural_ok_viola_noisy.wav,positive,0.951586,True
J:\CLAUDE\PROJECTS\Wakeword\eval_clean\positives\edge_tts\en-GB-ThomasNeural_ok_viola_reverb.wav,positive,0.884541,True
J:\CLAUDE\PROJECTS\Wakeword\eval_clean\positives\edge_tts\en-GB-ThomasNeural_viola.wav,positive,0.822637,True
J:\CLAUDE\PROJECTS\Wakeword\eval_clean\positives\edge_tts\en-GB-ThomasNeural_viola_noisy.wav,positive,0.964494,True
J:\CLAUDE\PROJECTS\Wakeword\eval_clean\positives\edge_tts\en-GB-ThomasNeural_viola_reverb.wav,positive,0.842655,True
J:\CLAUDE\PROJECTS\Wakeword\eval_clean\positives\edge_tts\en-GB-ThomasNeural_viola_wake_up.wav,positive,0.433903,False
J:\CLAUDE\PROJECTS\Wakeword\eval_clean\positives\edge_tts\en-GB-ThomasNeural_viola_wake_up_noisy.wav,positive,0.440415,False
J:\CLAUDE\PROJECTS\Wakeword\eval_clean\positives\edge_tts\en-GB-ThomasNeural_viola_wake_up_reverb.wav,positive,0.688528,True
J:\CLAUDE\PROJECTS\Wakeword\eval_clean\positives\edge_tts\en-IE-ConnorNeural_hey_viola.wav,positive,0.848190,True
J:\CLAUDE\PROJECTS\Wakeword\eval_clean\positives\edge_tts\en-IE-ConnorNeural_hey_viola_noisy.wav,positive,0.950089,True
J:\CLAUDE\PROJECTS\Wakeword\eval_clean\positives\edge_tts\en-IE-ConnorNeural_hey_viola_reverb.wav,positive,0.897935,True
J:\CLAUDE\PROJECTS\Wakeword\eval_clean\positives\edge_tts\en-IE-ConnorNeural_ok_viola.wav,positive,0.891250,True
J:\CLAUDE\PROJECTS\Wakeword\eval_clean\positives\edge_tts\en-IE-ConnorNeural_ok_viola_noisy.wav,positive,0.962953,True
J:\CLAUDE\PROJECTS\Wakeword\eval_clean\positives\edge_tts\en-IE-ConnorNeural_ok_viola_reverb.wav,positive,0.877376,True
J:\CLAUDE\PROJECTS\Wakeword\eval_clean\positives\edge_tts\en-IE-ConnorNeural_viola.wav,positive,0.760980,True
J:\CLAUDE\PROJECTS\Wakeword\eval_clean\positives\edge_tts\en-IE-ConnorNeural_viola_noisy.wav,positive,0.856201,True
J:\CLAUDE\PROJECTS\Wakeword\eval_clean\positives\edge_tts\en-IE-ConnorNeural_viola_reverb.wav,positive,0.786723,True
J:\CLAUDE\PROJECTS\Wakeword\eval_clean\positives\edge_tts\en-IE-ConnorNeural_viola_wake_up.wav,positive,0.045814,False
J:\CLAUDE\PROJECTS\Wakeword\eval_clean\positives\edge_tts\en-IE-ConnorNeural_viola_wake_up_noisy.wav,positive,0.286798,False
J:\CLAUDE\PROJECTS\Wakeword\eval_clean\positives\edge_tts\en-IE-ConnorNeural_viola_wake_up_reverb.wav,positive,0.240837,False
J:\CLAUDE\PROJECTS\Wakeword\eval_clean\positives\edge_tts\en-IE-EmilyNeural_hey_viola.wav,positive,0.868009,True
J:\CLAUDE\PROJECTS\Wakeword\eval_clean\positives\edge_tts\en-IE-EmilyNeural_hey_viola_noisy.wav,positive,0.898626,True
J:\CLAUDE\PROJECTS\Wakeword\eval_clean\positives\edge_tts\en-IE-EmilyNeural_hey_viola_reverb.wav,positive,0.848244,True
J:\CLAUDE\PROJECTS\Wakeword\eval_clean\positives\edge_tts\en-IE-EmilyNeural_ok_viola.wav,positive,0.714592,True
J:\CLAUDE\PROJECTS\Wakeword\eval_clean\positives\edge_tts\en-IE-EmilyNeural_ok_viola_noisy.wav,positive,0.779864,True
J:\CLAUDE\PROJECTS\Wakeword\eval_clean\positives\edge_tts\en-IE-EmilyNeural_ok_viola_reverb.wav,positive,0.635408,True
J:\CLAUDE\PROJECTS\Wakeword\eval_clean\positives\edge_tts\en-IE-EmilyNeural_viola.wav,positive,0.755545,True
J:\CLAUDE\PROJECTS\Wakeword\eval_clean\positives\edge_tts\en-IE-EmilyNeural_viola_noisy.wav,positive,0.906414,True
J:\CLAUDE\PROJECTS\Wakeword\eval_clean\positives\edge_tts\en-IE-EmilyNeural_viola_reverb.wav,positive,0.837156,True
J:\CLAUDE\PROJECTS\Wakeword\eval_clean\positives\edge_tts\en-IE-EmilyNeural_viola_wake_up.wav,positive,0.330323,False
J:\CLAUDE\PROJECTS\Wakeword\eval_clean\positives\edge_tts\en-IE-EmilyNeural_viola_wake_up_noisy.wav,positive,0.604814,True
J:\CLAUDE\PROJECTS\Wakeword\eval_clean\positives\edge_tts\en-IE-EmilyNeural_viola_wake_up_reverb.wav,positive,0.610520,True
J:\CLAUDE\PROJECTS\Wakeword\eval_clean\positives\edge_tts\en-IN-NeerjaNeural_hey_viola.wav,positive,0.813956,True
J:\CLAUDE\PROJECTS\Wakeword\eval_clean\positives\edge_tts\en-IN-NeerjaNeural_hey_viola_noisy.wav,positive,0.914957,True
J:\CLAUDE\PROJECTS\Wakeword\eval_clean\positives\edge_tts\en-IN-NeerjaNeural_hey_viola_reverb.wav,positive,0.844553,True
J:\CLAUDE\PROJECTS\Wakeword\eval_clean\positives\edge_tts\en-IN-NeerjaNeural_ok_viola.wav,positive,0.957956,True
J:\CLAUDE\PROJECTS\Wakeword\eval_clean\positives\edge_tts\en-IN-NeerjaNeural_ok_viola_noisy.wav,positive,0.981523,True
J:\CLAUDE\PROJECTS\Wakeword\eval_clean\positives\edge_tts\en-IN-NeerjaNeural_ok_viola_reverb.wav,positive,0.964827,True
J:\CLAUDE\PROJECTS\Wakeword\eval_clean\positives\edge_tts\en-IN-NeerjaNeural_viola.wav,positive,0.645321,True
J:\CLAUDE\PROJECTS\Wakeword\eval_clean\positives\edge_tts\en-IN-NeerjaNeural_viola_noisy.wav,positive,0.759465,True
J:\CLAUDE\PROJECTS\Wakeword\eval_clean\positives\edge_tts\en-IN-NeerjaNeural_viola_reverb.wav,positive,0.266759,False
J:\CLAUDE\PROJECTS\Wakeword\eval_clean\positives\edge_tts\en-IN-NeerjaNeural_viola_wake_up.wav,positive,0.068604,False
J:\CLAUDE\PROJECTS\Wakeword\eval_clean\positives\edge_tts\en-IN-NeerjaNeural_viola_wake_up_noisy.wav,positive,0.276281,False
J:\CLAUDE\PROJECTS\Wakeword\eval_clean\positives\edge_tts\en-IN-NeerjaNeural_viola_wake_up_reverb.wav,positive,0.137991,False
J:\CLAUDE\PROJECTS\Wakeword\eval_clean\positives\edge_tts\en-IN-PrabhatNeural_hey_viola.wav,positive,0.864648,True
J:\CLAUDE\PROJECTS\Wakeword\eval_clean\positives\edge_tts\en-IN-PrabhatNeural_hey_viola_noisy.wav,positive,0.973385,True
J:\CLAUDE\PROJECTS\Wakeword\eval_clean\positives\edge_tts\en-IN-PrabhatNeural_hey_viola_reverb.wav,positive,0.942270,True
J:\CLAUDE\PROJECTS\Wakeword\eval_clean\positives\edge_tts\en-IN-PrabhatNeural_ok_viola.wav,positive,0.872677,True
J:\CLAUDE\PROJECTS\Wakeword\eval_clean\positives\edge_tts\en-IN-PrabhatNeural_ok_viola_noisy.wav,positive,0.949861,True
J:\CLAUDE\PROJECTS\Wakeword\eval_clean\positives\edge_tts\en-IN-PrabhatNeural_ok_viola_reverb.wav,positive,0.930963,True
J:\CLAUDE\PROJECTS\Wakeword\eval_clean\positives\edge_tts\en-IN-PrabhatNeural_viola.wav,positive,0.837054,True
J:\CLAUDE\PROJECTS\Wakeword\eval_clean\positives\edge_tts\en-IN-PrabhatNeural_viola_noisy.wav,positive,0.941086,True
J:\CLAUDE\PROJECTS\Wakeword\eval_clean\positives\edge_tts\en-IN-PrabhatNeural_viola_reverb.wav,positive,0.777476,True
J:\CLAUDE\PROJECTS\Wakeword\eval_clean\positives\edge_tts\en-IN-PrabhatNeural_viola_wake_up.wav,positive,0.209722,False
J:\CLAUDE\PROJECTS\Wakeword\eval_clean\positives\edge_tts\en-IN-PrabhatNeural_viola_wake_up_noisy.wav,positive,0.701052,True
J:\CLAUDE\PROJECTS\Wakeword\eval_clean\positives\edge_tts\en-IN-PrabhatNeural_viola_wake_up_reverb.wav,positive,0.259972,False
J:\CLAUDE\PROJECTS\Wakeword\eval_clean\positives\edge_tts\en-US-AnaNeural_hey_viola.wav,positive,0.966935,True
J:\CLAUDE\PROJECTS\Wakeword\eval_clean\positives\edge_tts\en-US-AnaNeural_hey_viola_noisy.wav,positive,0.986121,True
J:\CLAUDE\PROJECTS\Wakeword\eval_clean\positives\edge_tts\en-US-AnaNeural_hey_viola_reverb.wav,positive,0.970226,True
J:\CLAUDE\PROJECTS\Wakeword\eval_clean\positives\edge_tts\en-US-AnaNeural_ok_viola.wav,positive,0.984190,True
J:\CLAUDE\PROJECTS\Wakeword\eval_clean\positives\edge_tts\en-US-AnaNeural_ok_viola_noisy.wav,positive,0.988404,True
J:\CLAUDE\PROJECTS\Wakeword\eval_clean\positives\edge_tts\en-US-AnaNeural_ok_viola_reverb.wav,positive,0.983687,True
J:\CLAUDE\PROJECTS\Wakeword\eval_clean\positives\edge_tts\en-US-AnaNeural_viola.wav,positive,0.876244,True
J:\CLAUDE\PROJECTS\Wakeword\eval_clean\positives\edge_tts\en-US-AnaNeural_viola_noisy.wav,positive,0.974167,True
J:\CLAUDE\PROJECTS\Wakeword\eval_clean\positives\edge_tts\en-US-AnaNeural_viola_reverb.wav,positive,0.919674,True
J:\CLAUDE\PROJECTS\Wakeword\eval_clean\positives\edge_tts\en-US-AnaNeural_viola_wake_up.wav,positive,0.520507,True
J:\CLAUDE\PROJECTS\Wakeword\eval_clean\positives\edge_tts\en-US-AnaNeural_viola_wake_up_noisy.wav,positive,0.657046,True
J:\CLAUDE\PROJECTS\Wakeword\eval_clean\positives\edge_tts\en-US-AnaNeural_viola_wake_up_reverb.wav,positive,0.634123,True
J:\CLAUDE\PROJECTS\Wakeword\eval_clean\positives\edge_tts\en-US-AndrewNeural_hey_viola.wav,positive,0.893233,True
J:\CLAUDE\PROJECTS\Wakeword\eval_clean\positives\edge_tts\en-US-AndrewNeural_hey_viola_noisy.wav,positive,0.964962,True
J:\CLAUDE\PROJECTS\Wakeword\eval_clean\positives\edge_tts\en-US-AndrewNeural_hey_viola_reverb.wav,positive,0.916536,True
J:\CLAUDE\PROJECTS\Wakeword\eval_clean\positives\edge_tts\en-US-AndrewNeural_ok_viola.wav,positive,0.925063,True
J:\CLAUDE\PROJECTS\Wakeword\eval_clean\positives\edge_tts\en-US-AndrewNeural_ok_viola_noisy.wav,positive,0.932855,True
J:\CLAUDE\PROJECTS\Wakeword\eval_clean\positives\edge_tts\en-US-AndrewNeural_ok_viola_reverb.wav,positive,0.973041,True
J:\CLAUDE\PROJECTS\Wakeword\eval_clean\positives\edge_tts\en-US-AndrewNeural_viola.wav,positive,0.870646,True
J:\CLAUDE\PROJECTS\Wakeword\eval_clean\positives\edge_tts\en-US-AndrewNeural_viola_noisy.wav,positive,0.926714,True
J:\CLAUDE\PROJECTS\Wakeword\eval_clean\positives\edge_tts\en-US-AndrewNeural_viola_reverb.wav,positive,0.943857,True
J:\CLAUDE\PROJECTS\Wakeword\eval_clean\positives\edge_tts\en-US-AndrewNeural_viola_wake_up.wav,positive,0.018589,False
J:\CLAUDE\PROJECTS\Wakeword\eval_clean\positives\edge_tts\en-US-AndrewNeural_viola_wake_up_noisy.wav,positive,0.049992,False
J:\CLAUDE\PROJECTS\Wakeword\eval_clean\positives\edge_tts\en-US-AndrewNeural_viola_wake_up_reverb.wav,positive,0.255130,False
J:\CLAUDE\PROJECTS\Wakeword\eval_clean\positives\edge_tts\en-US-AriaNeural_hey_viola.wav,positive,0.865866,True
J:\CLAUDE\PROJECTS\Wakeword\eval_clean\positives\edge_tts\en-US-AriaNeural_hey_viola_noisy.wav,positive,0.952947,True
J:\CLAUDE\PROJECTS\Wakeword\eval_clean\positives\edge_tts\en-US-AriaNeural_hey_viola_reverb.wav,positive,0.915431,True
J:\CLAUDE\PROJECTS\Wakeword\eval_clean\positives\edge_tts\en-US-AriaNeural_ok_viola.wav,positive,0.968439,True
J:\CLAUDE\PROJECTS\Wakeword\eval_clean\positives\edge_tts\en-US-AriaNeural_ok_viola_noisy.wav,positive,0.984151,True
J:\CLAUDE\PROJECTS\Wakeword\eval_clean\positives\edge_tts\en-US-AriaNeural_ok_viola_reverb.wav,positive,0.961070,True
J:\CLAUDE\PROJECTS\Wakeword\eval_clean\positives\edge_tts\en-US-AriaNeural_viola.wav,positive,0.839032,True
J:\CLAUDE\PROJECTS\Wakeword\eval_clean\positives\edge_tts\en-US-AriaNeural_viola_noisy.wav,positive,0.933470,True
J:\CLAUDE\PROJECTS\Wakeword\eval_clean\positives\edge_tts\en-US-AriaNeural_viola_reverb.wav,positive,0.833675,True
J:\CLAUDE\PROJECTS\Wakeword\eval_clean\positives\edge_tts\en-US-AriaNeural_viola_wake_up.wav,positive,0.074022,False
J:\CLAUDE\PROJECTS\Wakeword\eval_clean\positives\edge_tts\en-US-AriaNeural_viola_wake_up_noisy.wav,positive,0.133726,False
J:\CLAUDE\PROJECTS\Wakeword\eval_clean\positives\edge_tts\en-US-AriaNeural_viola_wake_up_reverb.wav,positive,0.129149,False
J:\CLAUDE\PROJECTS\Wakeword\eval_clean\positives\edge_tts\en-US-BrianNeural_hey_viola.wav,positive,0.955948,True
J:\CLAUDE\PROJECTS\Wakeword\eval_clean\positives\edge_tts\en-US-BrianNeural_hey_viola_noisy.wav,positive,0.986481,True
J:\CLAUDE\PROJECTS\Wakeword\eval_clean\positives\edge_tts\en-US-BrianNeural_hey_viola_reverb.wav,positive,0.971259,True
J:\CLAUDE\PROJECTS\Wakeword\eval_clean\positives\edge_tts\en-US-BrianNeural_ok_viola.wav,positive,0.967501,True
J:\CLAUDE\PROJECTS\Wakeword\eval_clean\positives\edge_tts\en-US-BrianNeural_ok_viola_noisy.wav,positive,0.984197,True
J:\CLAUDE\PROJECTS\Wakeword\eval_clean\positives\edge_tts\en-US-BrianNeural_ok_viola_reverb.wav,positive,0.966316,True
J:\CLAUDE\PROJECTS\Wakeword\eval_clean\positives\edge_tts\en-US-BrianNeural_viola.wav,positive,0.964768,True
J:\CLAUDE\PROJECTS\Wakeword\eval_clean\positives\edge_tts\en-US-BrianNeural_viola_noisy.wav,positive,0.980282,True
J:\CLAUDE\PROJECTS\Wakeword\eval_clean\positives\edge_tts\en-US-BrianNeural_viola_reverb.wav,positive,0.974144,True
J:\CLAUDE\PROJECTS\Wakeword\eval_clean\positives\edge_tts\en-US-BrianNeural_viola_wake_up.wav,positive,0.034087,False
J:\CLAUDE\PROJECTS\Wakeword\eval_clean\positives\edge_tts\en-US-BrianNeural_viola_wake_up_noisy.wav,positive,0.123644,False
J:\CLAUDE\PROJECTS\Wakeword\eval_clean\positives\edge_tts\en-US-BrianNeural_viola_wake_up_reverb.wav,positive,0.086369,False
J:\CLAUDE\PROJECTS\Wakeword\eval_clean\positives\edge_tts\en-US-ChristopherNeural_hey_viola.wav,positive,0.872895,True
J:\CLAUDE\PROJECTS\Wakeword\eval_clean\positives\edge_tts\en-US-ChristopherNeural_hey_viola_noisy.wav,positive,0.982915,True
J:\CLAUDE\PROJECTS\Wakeword\eval_clean\positives\edge_tts\en-US-ChristopherNeural_hey_viola_reverb.wav,positive,0.897839,True
J:\CLAUDE\PROJECTS\Wakeword\eval_clean\positives\edge_tts\en-US-ChristopherNeural_ok_viola.wav,positive,0.963656,True
J:\CLAUDE\PROJECTS\Wakeword\eval_clean\positives\edge_tts\en-US-ChristopherNeural_ok_viola_noisy.wav,positive,0.989738,True
J:\CLAUDE\PROJECTS\Wakeword\eval_clean\positives\edge_tts\en-US-ChristopherNeural_ok_viola_reverb.wav,positive,0.968690,True
J:\CLAUDE\PROJECTS\Wakeword\eval_clean\positives\edge_tts\en-US-ChristopherNeural_viola.wav,positive,0.760060,True
J:\CLAUDE\PROJECTS\Wakeword\eval_clean\positives\edge_tts\en-US-ChristopherNeural_viola_noisy.wav,positive,0.965099,True
J:\CLAUDE\PROJECTS\Wakeword\eval_clean\positives\edge_tts\en-US-ChristopherNeural_viola_reverb.wav,positive,0.803861,True
J:\CLAUDE\PROJECTS\Wakeword\eval_clean\positives\edge_tts\en-US-ChristopherNeural_viola_wake_up.wav,positive,0.238981,False
J:\CLAUDE\PROJECTS\Wakeword\eval_clean\positives\edge_tts\en-US-ChristopherNeural_viola_wake_up_noisy.wav,positive,0.412793,False
J:\CLAUDE\PROJECTS\Wakeword\eval_clean\positives\edge_tts\en-US-ChristopherNeural_viola_wake_up_reverb.wav,positive,0.265174,False
J:\CLAUDE\PROJECTS\Wakeword\eval_clean\positives\edge_tts\en-US-EmmaNeural_hey_viola.wav,positive,0.958884,True
J:\CLAUDE\PROJECTS\Wakeword\eval_clean\positives\edge_tts\en-US-EmmaNeural_hey_viola_noisy.wav,positive,0.986951,True
J:\CLAUDE\PROJECTS\Wakeword\eval_clean\positives\edge_tts\en-US-EmmaNeural_hey_viola_reverb.wav,positive,0.953041,True
J:\CLAUDE\PROJECTS\Wakeword\eval_clean\positives\edge_tts\en-US-EmmaNeural_ok_viola.wav,positive,0.961331,True
J:\CLAUDE\PROJECTS\Wakeword\eval_clean\positives\edge_tts\en-US-EmmaNeural_ok_viola_noisy.wav,positive,0.978094,True
J:\CLAUDE\PROJECTS\Wakeword\eval_clean\positives\edge_tts\en-US-EmmaNeural_ok_viola_reverb.wav,positive,0.964541,True
J:\CLAUDE\PROJECTS\Wakeword\eval_clean\positives\edge_tts\en-US-EmmaNeural_viola.wav,positive,0.942238,True
J:\CLAUDE\PROJECTS\Wakeword\eval_clean\positives\edge_tts\en-US-EmmaNeural_viola_noisy.wav,positive,0.978755,True
J:\CLAUDE\PROJECTS\Wakeword\eval_clean\positives\edge_tts\en-US-EmmaNeural_viola_reverb.wav,positive,0.950063,True
J:\CLAUDE\PROJECTS\Wakeword\eval_clean\positives\edge_tts\en-US-EmmaNeural_viola_wake_up.wav,positive,0.022999,False
J:\CLAUDE\PROJECTS\Wakeword\eval_clean\positives\edge_tts\en-US-EmmaNeural_viola_wake_up_noisy.wav,positive,0.029360,False
J:\CLAUDE\PROJECTS\Wakeword\eval_clean\positives\edge_tts\en-US-EmmaNeural_viola_wake_up_reverb.wav,positive,0.004107,False
J:\CLAUDE\PROJECTS\Wakeword\eval_clean\positives\edge_tts\en-US-GuyNeural_hey_viola.wav,positive,0.919178,True
J:\CLAUDE\PROJECTS\Wakeword\eval_clean\positives\edge_tts\en-US-GuyNeural_hey_viola_noisy.wav,positive,0.968152,True
J:\CLAUDE\PROJECTS\Wakeword\eval_clean\positives\edge_tts\en-US-GuyNeural_hey_viola_reverb.wav,positive,0.929929,True
J:\CLAUDE\PROJECTS\Wakeword\eval_clean\positives\edge_tts\en-US-GuyNeural_ok_viola.wav,positive,0.966320,True
J:\CLAUDE\PROJECTS\Wakeword\eval_clean\positives\edge_tts\en-US-GuyNeural_ok_viola_noisy.wav,positive,0.979007,True
J:\CLAUDE\PROJECTS\Wakeword\eval_clean\positives\edge_tts\en-US-GuyNeural_ok_viola_reverb.wav,positive,0.957022,True
J:\CLAUDE\PROJECTS\Wakeword\eval_clean\positives\edge_tts\en-US-GuyNeural_viola.wav,positive,0.870747,True
J:\CLAUDE\PROJECTS\Wakeword\eval_clean\positives\edge_tts\en-US-GuyNeural_viola_noisy.wav,positive,0.955604,True
J:\CLAUDE\PROJECTS\Wakeword\eval_clean\positives\edge_tts\en-US-GuyNeural_viola_reverb.wav,positive,0.875778,True
J:\CLAUDE\PROJECTS\Wakeword\eval_clean\positives\edge_tts\en-US-GuyNeural_viola_wake_up.wav,positive,0.055981,False
J:\CLAUDE\PROJECTS\Wakeword\eval_clean\positives\edge_tts\en-US-GuyNeural_viola_wake_up_noisy.wav,positive,0.086072,False
J:\CLAUDE\PROJECTS\Wakeword\eval_clean\positives\edge_tts\en-US-GuyNeural_viola_wake_up_reverb.wav,positive,0.120662,False
J:\CLAUDE\PROJECTS\Wakeword\eval_clean\positives\edge_tts\en-US-JennyNeural_hey_viola.wav,positive,0.893335,True
J:\CLAUDE\PROJECTS\Wakeword\eval_clean\positives\edge_tts\en-US-JennyNeural_hey_viola_noisy.wav,positive,0.964471,True
J:\CLAUDE\PROJECTS\Wakeword\eval_clean\positives\edge_tts\en-US-JennyNeural_hey_viola_reverb.wav,positive,0.914665,True
J:\CLAUDE\PROJECTS\Wakeword\eval_clean\positives\edge_tts\en-US-JennyNeural_ok_viola.wav,positive,0.946893,True
J:\CLAUDE\PROJECTS\Wakeword\eval_clean\positives\edge_tts\en-US-JennyNeural_ok_viola_noisy.wav,positive,0.981563,True
J:\CLAUDE\PROJECTS\Wakeword\eval_clean\positives\edge_tts\en-US-JennyNeural_ok_viola_reverb.wav,positive,0.951251,True
J:\CLAUDE\PROJECTS\Wakeword\eval_clean\positives\edge_tts\en-US-JennyNeural_viola.wav,positive,0.770935,True
J:\CLAUDE\PROJECTS\Wakeword\eval_clean\positives\edge_tts\en-US-JennyNeural_viola_noisy.wav,positive,0.929617,True
J:\CLAUDE\PROJECTS\Wakeword\eval_clean\positives\edge_tts\en-US-JennyNeural_viola_reverb.wav,positive,0.714479,True
J:\CLAUDE\PROJECTS\Wakeword\eval_clean\positives\edge_tts\en-US-JennyNeural_viola_wake_up.wav,positive,0.027921,False
J:\CLAUDE\PROJECTS\Wakeword\eval_clean\positives\edge_tts\en-US-JennyNeural_viola_wake_up_noisy.wav,positive,0.316981,False
J:\CLAUDE\PROJECTS\Wakeword\eval_clean\positives\edge_tts\en-US-JennyNeural_viola_wake_up_reverb.wav,positive,0.038665,False
J:\CLAUDE\PROJECTS\Wakeword\eval_clean\positives\edge_tts\en-ZA-LeahNeural_hey_viola.wav,positive,0.924095,True
J:\CLAUDE\PROJECTS\Wakeword\eval_clean\positives\edge_tts\en-ZA-LeahNeural_hey_viola_noisy.wav,positive,0.968034,True
J:\CLAUDE\PROJECTS\Wakeword\eval_clean\positives\edge_tts\en-ZA-LeahNeural_hey_viola_reverb.wav,positive,0.937178,True
J:\CLAUDE\PROJECTS\Wakeword\eval_clean\positives\edge_tts\en-ZA-LeahNeural_ok_viola.wav,positive,0.962615,True
J:\CLAUDE\PROJECTS\Wakeword\eval_clean\positives\edge_tts\en-ZA-LeahNeural_ok_viola_noisy.wav,positive,0.985774,True
J:\CLAUDE\PROJECTS\Wakeword\eval_clean\positives\edge_tts\en-ZA-LeahNeural_ok_viola_reverb.wav,positive,0.980502,True
J:\CLAUDE\PROJECTS\Wakeword\eval_clean\positives\edge_tts\en-ZA-LeahNeural_viola.wav,positive,0.832372,True
J:\CLAUDE\PROJECTS\Wakeword\eval_clean\positives\edge_tts\en-ZA-LeahNeural_viola_noisy.wav,positive,0.929309,True
J:\CLAUDE\PROJECTS\Wakeword\eval_clean\positives\edge_tts\en-ZA-LeahNeural_viola_reverb.wav,positive,0.830474,True
J:\CLAUDE\PROJECTS\Wakeword\eval_clean\positives\edge_tts\en-ZA-LeahNeural_viola_wake_up.wav,positive,0.002058,False
J:\CLAUDE\PROJECTS\Wakeword\eval_clean\positives\edge_tts\en-ZA-LeahNeural_viola_wake_up_noisy.wav,positive,0.077771,False
J:\CLAUDE\PROJECTS\Wakeword\eval_clean\positives\edge_tts\en-ZA-LeahNeural_viola_wake_up_reverb.wav,positive,0.048206,False
J:\CLAUDE\PROJECTS\Wakeword\eval_clean\positives\edge_tts\en-ZA-LukeNeural_hey_viola.wav,positive,0.886626,True
J:\CLAUDE\PROJECTS\Wakeword\eval_clean\positives\edge_tts\en-ZA-LukeNeural_hey_viola_noisy.wav,positive,0.931454,True
J:\CLAUDE\PROJECTS\Wakeword\eval_clean\positives\edge_tts\en-ZA-LukeNeural_hey_viola_reverb.wav,positive,0.854357,True
J:\CLAUDE\PROJECTS\Wakeword\eval_clean\positives\edge_tts\en-ZA-LukeNeural_ok_viola.wav,positive,0.845881,True
J:\CLAUDE\PROJECTS\Wakeword\eval_clean\positives\edge_tts\en-ZA-LukeNeural_ok_viola_noisy.wav,positive,0.942320,True
J:\CLAUDE\PROJECTS\Wakeword\eval_clean\positives\edge_tts\en-ZA-LukeNeural_ok_viola_reverb.wav,positive,0.809540,True
J:\CLAUDE\PROJECTS\Wakeword\eval_clean\positives\edge_tts\en-ZA-LukeNeural_viola.wav,positive,0.804314,True
J:\CLAUDE\PROJECTS\Wakeword\eval_clean\positives\edge_tts\en-ZA-LukeNeural_viola_noisy.wav,positive,0.925132,True
J:\CLAUDE\PROJECTS\Wakeword\eval_clean\positives\edge_tts\en-ZA-LukeNeural_viola_reverb.wav,positive,0.751899,True
J:\CLAUDE\PROJECTS\Wakeword\eval_clean\positives\edge_tts\en-ZA-LukeNeural_viola_wake_up.wav,positive,0.284990,False
J:\CLAUDE\PROJECTS\Wakeword\eval_clean\positives\edge_tts\en-ZA-LukeNeural_viola_wake_up_noisy.wav,positive,0.700490,True
J:\CLAUDE\PROJECTS\Wakeword\eval_clean\positives\edge_tts\en-ZA-LukeNeural_viola_wake_up_reverb.wav,positive,0.384585,False
J:\CLAUDE\PROJECTS\Wakeword\eval_clean\positives\pyttsx3\sapi_Microsoft_David_Desktop_-_English_(United_States)_hey_viola.wav,positive,0.894629,True
J:\CLAUDE\PROJECTS\Wakeword\eval_clean\positives\pyttsx3\sapi_Microsoft_David_Desktop_-_English_(United_States)_hey_viola_noisy.wav,positive,0.958893,True
J:\CLAUDE\PROJECTS\Wakeword\eval_clean\positives\pyttsx3\sapi_Microsoft_David_Desktop_-_English_(United_States)_hey_viola_reverb.wav,positive,0.896962,True
J:\CLAUDE\PROJECTS\Wakeword\eval_clean\positives\pyttsx3\sapi_Microsoft_David_Desktop_-_English_(United_States)_ok_viola.wav,positive,0.835425,True
J:\CLAUDE\PROJECTS\Wakeword\eval_clean\positives\pyttsx3\sapi_Microsoft_David_Desktop_-_English_(United_States)_ok_viola_noisy.wav,positive,0.938566,True
J:\CLAUDE\PROJECTS\Wakeword\eval_clean\positives\pyttsx3\sapi_Microsoft_David_Desktop_-_English_(United_States)_ok_viola_reverb.wav,positive,0.887753,True
J:\CLAUDE\PROJECTS\Wakeword\eval_clean\positives\pyttsx3\sapi_Microsoft_David_Desktop_-_English_(United_States)_viola.wav,positive,0.848179,True
J:\CLAUDE\PROJECTS\Wakeword\eval_clean\positives\pyttsx3\sapi_Microsoft_David_Desktop_-_English_(United_States)_viola_noisy.wav,positive,0.896940,True
J:\CLAUDE\PROJECTS\Wakeword\eval_clean\positives\pyttsx3\sapi_Microsoft_David_Desktop_-_English_(United_States)_viola_reverb.wav,positive,0.860819,True
J:\CLAUDE\PROJECTS\Wakeword\eval_clean\positives\pyttsx3\sapi_Microsoft_David_Desktop_-_English_(United_States)_viola_wake_up.wav,positive,0.021184,False
J:\CLAUDE\PROJECTS\Wakeword\eval_clean\positives\pyttsx3\sapi_Microsoft_David_Desktop_-_English_(United_States)_viola_wake_up_noisy.wav,positive,0.058114,False
J:\CLAUDE\PROJECTS\Wakeword\eval_clean\positives\pyttsx3\sapi_Microsoft_David_Desktop_-_English_(United_States)_viola_wake_up_reverb.wav,positive,0.398981,False
J:\CLAUDE\PROJECTS\Wakeword\eval_clean\positives\pyttsx3\sapi_Microsoft_Zira_Desktop_-_English_(United_States)_hey_viola.wav,positive,0.732690,True
J:\CLAUDE\PROJECTS\Wakeword\eval_clean\positives\pyttsx3\sapi_Microsoft_Zira_Desktop_-_English_(United_States)_hey_viola_noisy.wav,positive,0.805410,True
J:\CLAUDE\PROJECTS\Wakeword\eval_clean\positives\pyttsx3\sapi_Microsoft_Zira_Desktop_-_English_(United_States)_hey_viola_reverb.wav,positive,0.784268,True
J:\CLAUDE\PROJECTS\Wakeword\eval_clean\positives\pyttsx3\sapi_Microsoft_Zira_Desktop_-_English_(United_States)_ok_viola.wav,positive,0.697921,True
J:\CLAUDE\PROJECTS\Wakeword\eval_clean\positives\pyttsx3\sapi_Microsoft_Zira_Desktop_-_English_(United_States)_ok_viola_noisy.wav,positive,0.848920,True
J:\CLAUDE\PROJECTS\Wakeword\eval_clean\positives\pyttsx3\sapi_Microsoft_Zira_Desktop_-_English_(United_States)_ok_viola_reverb.wav,positive,0.787430,True
J:\CLAUDE\PROJECTS\Wakeword\eval_clean\positives\pyttsx3\sapi_Microsoft_Zira_Desktop_-_English_(United_States)_viola.wav,positive,0.744481,True
J:\CLAUDE\PROJECTS\Wakeword\eval_clean\positives\pyttsx3\sapi_Microsoft_Zira_Desktop_-_English_(United_States)_viola_noisy.wav,positive,0.957681,True
J:\CLAUDE\PROJECTS\Wakeword\eval_clean\positives\pyttsx3\sapi_Microsoft_Zira_Desktop_-_English_(United_States)_viola_reverb.wav,positive,0.826948,True
J:\CLAUDE\PROJECTS\Wakeword\eval_clean\positives\pyttsx3\sapi_Microsoft_Zira_Desktop_-_English_(United_States)_viola_wake_up.wav,positive,0.079954,False
J:\CLAUDE\PROJECTS\Wakeword\eval_clean\positives\pyttsx3\sapi_Microsoft_Zira_Desktop_-_English_(United_States)_viola_wake_up_noisy.wav,positive,0.681809,True
J:\CLAUDE\PROJECTS\Wakeword\eval_clean\positives\pyttsx3\sapi_Microsoft_Zira_Desktop_-_English_(United_States)_viola_wake_up_reverb.wav,positive,0.548594,True
J:\CLAUDE\PROJECTS\Wakeword\eval_clean\negatives\adversarial_tts\en-AU-NatashaNeural_Alexa.wav,negative,0.037113,False
J:\CLAUDE\PROJECTS\Wakeword\eval_clean\negatives\adversarial_tts\en-AU-NatashaNeural_good_morning.wav,negative,0.002400,False
J:\CLAUDE\PROJECTS\Wakeword\eval_clean\negatives\adversarial_tts\en-AU-NatashaNeural_hello.wav,negative,0.268704,False
J:\CLAUDE\PROJECTS\Wakeword\eval_clean\negatives\adversarial_tts\en-AU-NatashaNeural_hey_Siri.wav,negative,0.032494,False
J:\CLAUDE\PROJECTS\Wakeword\eval_clean\negatives\adversarial_tts\en-AU-NatashaNeural_hey_violet.wav,negative,0.007043,False
J:\CLAUDE\PROJECTS\Wakeword\eval_clean\negatives\adversarial_tts\en-AU-NatashaNeural_hey_violin.wav,negative,0.002122,False
J:\CLAUDE\PROJECTS\Wakeword\eval_clean\negatives\adversarial_tts\en-AU-NatashaNeural_hola.wav,negative,0.645126,True
J:\CLAUDE\PROJECTS\Wakeword\eval_clean\negatives\adversarial_tts\en-AU-NatashaNeural_how_are_you.wav,negative,0.722881,True
J:\CLAUDE\PROJECTS\Wakeword\eval_clean\negatives\adversarial_tts\en-AU-NatashaNeural_ok_Google.wav,negative,0.034217,False
J:\CLAUDE\PROJECTS\Wakeword\eval_clean\negatives\adversarial_tts\en-AU-NatashaNeural_play_music.wav,negative,0.080816,False
J:\CLAUDE\PROJECTS\Wakeword\eval_clean\negatives\adversarial_tts\en-AU-NatashaNeural_set_a_timer.wav,negative,0.396558,False
J:\CLAUDE\PROJECTS\Wakeword\eval_clean\negatives\adversarial_tts\en-AU-NatashaNeural_thank_you.wav,negative,0.297280,False
J:\CLAUDE\PROJECTS\Wakeword\eval_clean\negatives\adversarial_tts\en-AU-NatashaNeural_turn_off_the_lights.wav,negative,0.005768,False
J:\CLAUDE\PROJECTS\Wakeword\eval_clean\negatives\adversarial_tts\en-AU-NatashaNeural_valet.wav,negative,0.078222,False
J:\CLAUDE\PROJECTS\Wakeword\eval_clean\negatives\adversarial_tts\en-AU-NatashaNeural_valley.wav,negative,0.103310,False
J:\CLAUDE\PROJECTS\Wakeword\eval_clean\negatives\adversarial_tts\en-AU-NatashaNeural_vanilla.wav,negative,0.606141,True
J:\CLAUDE\PROJECTS\Wakeword\eval_clean\negatives\adversarial_tts\en-AU-NatashaNeural_via.wav,negative,0.293846,False
J:\CLAUDE\PROJECTS\Wakeword\eval_clean\negatives\adversarial_tts\en-AU-NatashaNeural_villa.wav,negative,0.606141,True
J:\CLAUDE\PROJECTS\Wakeword\eval_clean\negatives\adversarial_tts\en-AU-NatashaNeural_villain.wav,negative,0.064122,False
J:\CLAUDE\PROJECTS\Wakeword\eval_clean\negatives\adversarial_tts\en-AU-NatashaNeural_violence.wav,negative,0.004064,False
J:\CLAUDE\PROJECTS\Wakeword\eval_clean\negatives\adversarial_tts\en-AU-NatashaNeural_violent.wav,negative,0.002717,False
J:\CLAUDE\PROJECTS\Wakeword\eval_clean\negatives\adversarial_tts\en-AU-NatashaNeural_violet.wav,negative,0.066891,False
J:\CLAUDE\PROJECTS\Wakeword\eval_clean\negatives\adversarial_tts\en-AU-NatashaNeural_violin.wav,negative,0.002599,False
J:\CLAUDE\PROJECTS\Wakeword\eval_clean\negatives\adversarial_tts\en-AU-NatashaNeural_voila.wav,negative,0.692229,True
J:\CLAUDE\PROJECTS\Wakeword\eval_clean\negatives\adversarial_tts\en-AU-NatashaNeural_volume.wav,negative,0.013279,False
J:\CLAUDE\PROJECTS\Wakeword\eval_clean\negatives\adversarial_tts\en-AU-NatashaNeural_what_time_is_it.wav,negative,0.152989,False
J:\CLAUDE\PROJECTS\Wakeword\eval_clean\negatives\adversarial_tts\en-CA-LiamNeural_Alexa.wav,negative,0.201363,False
J:\CLAUDE\PROJECTS\Wakeword\eval_clean\negatives\adversarial_tts\en-CA-LiamNeural_good_morning.wav,negative,0.016998,False
J:\CLAUDE\PROJECTS\Wakeword\eval_clean\negatives\adversarial_tts\en-CA-LiamNeural_hello.wav,negative,0.158022,False
J:\CLAUDE\PROJECTS\Wakeword\eval_clean\negatives\adversarial_tts\en-CA-LiamNeural_hey_Siri.wav,negative,0.051789,False
J:\CLAUDE\PROJECTS\Wakeword\eval_clean\negatives\adversarial_tts\en-CA-LiamNeural_hey_violet.wav,negative,0.028124,False
J:\CLAUDE\PROJECTS\Wakeword\eval_clean\negatives\adversarial_tts\en-CA-LiamNeural_hey_violin.wav,negative,0.049286,False
J:\CLAUDE\PROJECTS\Wakeword\eval_clean\negatives\adversarial_tts\en-CA-LiamNeural_hola.wav,negative,0.683736,True
J:\CLAUDE\PROJECTS\Wakeword\eval_clean\negatives\adversarial_tts\en-CA-LiamNeural_how_are_you.wav,negative,0.432162,False
J:\CLAUDE\PROJECTS\Wakeword\eval_clean\negatives\adversarial_tts\en-CA-LiamNeural_ok_Google.wav,negative,0.061183,False
J:\CLAUDE\PROJECTS\Wakeword\eval_clean\negatives\adversarial_tts\en-CA-LiamNeural_play_music.wav,negative,0.115264,False
J:\CLAUDE\PROJECTS\Wakeword\eval_clean\negatives\adversarial_tts\en-CA-LiamNeural_set_a_timer.wav,negative,0.024379,False
J:\CLAUDE\PROJECTS\Wakeword\eval_clean\negatives\adversarial_tts\en-CA-LiamNeural_thank_you.wav,negative,0.251961,False
J:\CLAUDE\PROJECTS\Wakeword\eval_clean\negatives\adversarial_tts\en-CA-LiamNeural_turn_off_the_lights.wav,negative,0.060593,False
J:\CLAUDE\PROJECTS\Wakeword\eval_clean\negatives\adversarial_tts\en-CA-LiamNeural_valet.wav,negative,0.099654,False
J:\CLAUDE\PROJECTS\Wakeword\eval_clean\negatives\adversarial_tts\en-CA-LiamNeural_valley.wav,negative,0.191076,False
J:\CLAUDE\PROJECTS\Wakeword\eval_clean\negatives\adversarial_tts\en-CA-LiamNeural_vanilla.wav,negative,0.694291,True
J:\CLAUDE\PROJECTS\Wakeword\eval_clean\negatives\adversarial_tts\en-CA-LiamNeural_via.wav,negative,0.328392,False
J:\CLAUDE\PROJECTS\Wakeword\eval_clean\negatives\adversarial_tts\en-CA-LiamNeural_villa.wav,negative,0.670593,True
J:\CLAUDE\PROJECTS\Wakeword\eval_clean\negatives\adversarial_tts\en-CA-LiamNeural_villain.wav,negative,0.225454,False
J:\CLAUDE\PROJECTS\Wakeword\eval_clean\negatives\adversarial_tts\en-CA-LiamNeural_violence.wav,negative,0.191593,False
J:\CLAUDE\PROJECTS\Wakeword\eval_clean\negatives\adversarial_tts\en-CA-LiamNeural_violent.wav,negative,0.010754,False
J:\CLAUDE\PROJECTS\Wakeword\eval_clean\negatives\adversarial_tts\en-CA-LiamNeural_violet.wav,negative,0.019316,False
J:\CLAUDE\PROJECTS\Wakeword\eval_clean\negatives\adversarial_tts\en-CA-LiamNeural_violin.wav,negative,0.133505,False
J:\CLAUDE\PROJECTS\Wakeword\eval_clean\negatives\adversarial_tts\en-CA-LiamNeural_voila.wav,negative,0.726827,True
J:\CLAUDE\PROJECTS\Wakeword\eval_clean\negatives\adversarial_tts\en-CA-LiamNeural_volume.wav,negative,0.318703,False
J:\CLAUDE\PROJECTS\Wakeword\eval_clean\negatives\adversarial_tts\en-CA-LiamNeural_what_time_is_it.wav,negative,0.064213,False
J:\CLAUDE\PROJECTS\Wakeword\eval_clean\negatives\adversarial_tts\en-GB-RyanNeural_Alexa.wav,negative,0.412565,False
J:\CLAUDE\PROJECTS\Wakeword\eval_clean\negatives\adversarial_tts\en-GB-RyanNeural_good_morning.wav,negative,0.013069,False
J:\CLAUDE\PROJECTS\Wakeword\eval_clean\negatives\adversarial_tts\en-GB-RyanNeural_hello.wav,negative,0.288619,False
J:\CLAUDE\PROJECTS\Wakeword\eval_clean\negatives\adversarial_tts\en-GB-RyanNeural_hey_Siri.wav,negative,0.066242,False
J:\CLAUDE\PROJECTS\Wakeword\eval_clean\negatives\adversarial_tts\en-GB-RyanNeural_hey_violet.wav,negative,0.011508,False
J:\CLAUDE\PROJECTS\Wakeword\eval_clean\negatives\adversarial_tts\en-GB-RyanNeural_hey_violin.wav,negative,0.001630,False
J:\CLAUDE\PROJECTS\Wakeword\eval_clean\negatives\adversarial_tts\en-GB-RyanNeural_hola.wav,negative,0.606141,True
J:\CLAUDE\PROJECTS\Wakeword\eval_clean\negatives\adversarial_tts\en-GB-RyanNeural_how_are_you.wav,negative,0.412923,False
J:\CLAUDE\PROJECTS\Wakeword\eval_clean\negatives\adversarial_tts\en-GB-RyanNeural_ok_Google.wav,negative,0.031250,False
J:\CLAUDE\PROJECTS\Wakeword\eval_clean\negatives\adversarial_tts\en-GB-RyanNeural_play_music.wav,negative,0.036577,False
J:\CLAUDE\PROJECTS\Wakeword\eval_clean\negatives\adversarial_tts\en-GB-RyanNeural_set_a_timer.wav,negative,0.318642,False
J:\CLAUDE\PROJECTS\Wakeword\eval_clean\negatives\adversarial_tts\en-GB-RyanNeural_thank_you.wav,negative,0.277801,False
J:\CLAUDE\PROJECTS\Wakeword\eval_clean\negatives\adversarial_tts\en-GB-RyanNeural_turn_off_the_lights.wav,negative,0.028557,False
J:\CLAUDE\PROJECTS\Wakeword\eval_clean\negatives\adversarial_tts\en-GB-RyanNeural_valet.wav,negative,0.117563,False
J:\CLAUDE\PROJECTS\Wakeword\eval_clean\negatives\adversarial_tts\en-GB-RyanNeural_valley.wav,negative,0.087436,False
J:\CLAUDE\PROJECTS\Wakeword\eval_clean\negatives\adversarial_tts\en-GB-RyanNeural_vanilla.wav,negative,0.705256,True
J:\CLAUDE\PROJECTS\Wakeword\eval_clean\negatives\adversarial_tts\en-GB-RyanNeural_via.wav,negative,0.205500,False
J:\CLAUDE\PROJECTS\Wakeword\eval_clean\negatives\adversarial_tts\en-GB-RyanNeural_villa.wav,negative,0.626345,True
J:\CLAUDE\PROJECTS\Wakeword\eval_clean\negatives\adversarial_tts\en-GB-RyanNeural_villain.wav,negative,0.242624,False
J:\CLAUDE\PROJECTS\Wakeword\eval_clean\negatives\adversarial_tts\en-GB-RyanNeural_violence.wav,negative,0.350236,False
J:\CLAUDE\PROJECTS\Wakeword\eval_clean\negatives\adversarial_tts\en-GB-RyanNeural_violent.wav,negative,0.078569,False
J:\CLAUDE\PROJECTS\Wakeword\eval_clean\negatives\adversarial_tts\en-GB-RyanNeural_violet.wav,negative,0.195674,False
J:\CLAUDE\PROJECTS\Wakeword\eval_clean\negatives\adversarial_tts\en-GB-RyanNeural_violin.wav,negative,0.005313,False
J:\CLAUDE\PROJECTS\Wakeword\eval_clean\negatives\adversarial_tts\en-GB-RyanNeural_voila.wav,negative,0.727506,True
J:\CLAUDE\PROJECTS\Wakeword\eval_clean\negatives\adversarial_tts\en-GB-RyanNeural_volume.wav,negative,0.287426,False
J:\CLAUDE\PROJECTS\Wakeword\eval_clean\negatives\adversarial_tts\en-GB-RyanNeural_what_time_is_it.wav,negative,0.087196,False
J:\CLAUDE\PROJECTS\Wakeword\eval_clean\negatives\adversarial_tts\en-GB-SoniaNeural_Alexa.wav,negative,0.297299,False
J:\CLAUDE\PROJECTS\Wakeword\eval_clean\negatives\adversarial_tts\en-GB-SoniaNeural_good_morning.wav,negative,0.002281,False
J:\CLAUDE\PROJECTS\Wakeword\eval_clean\negatives\adversarial_tts\en-GB-SoniaNeural_hello.wav,negative,0.630494,True
J:\CLAUDE\PROJECTS\Wakeword\eval_clean\negatives\adversarial_tts\en-GB-SoniaNeural_hey_Siri.wav,negative,0.032752,False
J:\CLAUDE\PROJECTS\Wakeword\eval_clean\negatives\adversarial_tts\en-GB-SoniaNeural_hey_violet.wav,negative,0.010235,False
J:\CLAUDE\PROJECTS\Wakeword\eval_clean\negatives\adversarial_tts\en-GB-SoniaNeural_hey_violin.wav,negative,0.263652,False
J:\CLAUDE\PROJECTS\Wakeword\eval_clean\negatives\adversarial_tts\en-GB-SoniaNeural_hola.wav,negative,0.725265,True
J:\CLAUDE\PROJECTS\Wakeword\eval_clean\negatives\adversarial_tts\en-GB-SoniaNeural_how_are_you.wav,negative,0.879884,True
J:\CLAUDE\PROJECTS\Wakeword\eval_clean\negatives\adversarial_tts\en-GB-SoniaNeural_ok_Google.wav,negative,0.015511,False
J:\CLAUDE\PROJECTS\Wakeword\eval_clean\negatives\adversarial_tts\en-GB-SoniaNeural_play_music.wav,negative,0.127289,False
J:\CLAUDE\PROJECTS\Wakeword\eval_clean\negatives\adversarial_tts\en-GB-SoniaNeural_set_a_timer.wav,negative,0.170576,False
J:\CLAUDE\PROJECTS\Wakeword\eval_clean\negatives\adversarial_tts\en-GB-SoniaNeural_thank_you.wav,negative,0.040497,False
J:\CLAUDE\PROJECTS\Wakeword\eval_clean\negatives\adversarial_tts\en-GB-SoniaNeural_turn_off_the_lights.wav,negative,0.000213,False
J:\CLAUDE\PROJECTS\Wakeword\eval_clean\negatives\adversarial_tts\en-GB-SoniaNeural_valet.wav,negative,0.332946,False
J:\CLAUDE\PROJECTS\Wakeword\eval_clean\negatives\adversarial_tts\en-GB-SoniaNeural_valley.wav,negative,0.063368,False
J:\CLAUDE\PROJECTS\Wakeword\eval_clean\negatives\adversarial_tts\en-GB-SoniaNeural_vanilla.wav,negative,0.504439,True
J:\CLAUDE\PROJECTS\Wakeword\eval_clean\negatives\adversarial_tts\en-GB-SoniaNeural_via.wav,negative,0.694018,True
J:\CLAUDE\PROJECTS\Wakeword\eval_clean\negatives\adversarial_tts\en-GB-SoniaNeural_villa.wav,negative,0.683034,True
J:\CLAUDE\PROJECTS\Wakeword\eval_clean\negatives\adversarial_tts\en-GB-SoniaNeural_villain.wav,negative,0.042748,False
J:\CLAUDE\PROJECTS\Wakeword\eval_clean\negatives\adversarial_tts\en-GB-SoniaNeural_violence.wav,negative,0.136457,False
J:\CLAUDE\PROJECTS\Wakeword\eval_clean\negatives\adversarial_tts\en-GB-SoniaNeural_violent.wav,negative,0.164633,False
J:\CLAUDE\PROJECTS\Wakeword\eval_clean\negatives\adversarial_tts\en-GB-SoniaNeural_violet.wav,negative,0.640097,True
J:\CLAUDE\PROJECTS\Wakeword\eval_clean\negatives\adversarial_tts\en-GB-SoniaNeural_violin.wav,negative,0.240829,False
J:\CLAUDE\PROJECTS\Wakeword\eval_clean\negatives\adversarial_tts\en-GB-SoniaNeural_voila.wav,negative,0.926964,True
J:\CLAUDE\PROJECTS\Wakeword\eval_clean\negatives\adversarial_tts\en-GB-SoniaNeural_volume.wav,negative,0.738369,True
J:\CLAUDE\PROJECTS\Wakeword\eval_clean\negatives\adversarial_tts\en-GB-SoniaNeural_what_time_is_it.wav,negative,0.878718,True
J:\CLAUDE\PROJECTS\Wakeword\eval_clean\negatives\adversarial_tts\en-IE-ConnorNeural_Alexa.wav,negative,0.270697,False
J:\CLAUDE\PROJECTS\Wakeword\eval_clean\negatives\adversarial_tts\en-IE-ConnorNeural_good_morning.wav,negative,0.036692,False
J:\CLAUDE\PROJECTS\Wakeword\eval_clean\negatives\adversarial_tts\en-IE-ConnorNeural_hello.wav,negative,0.275562,False
J:\CLAUDE\PROJECTS\Wakeword\eval_clean\negatives\adversarial_tts\en-IE-ConnorNeural_hey_Siri.wav,negative,0.053455,False
J:\CLAUDE\PROJECTS\Wakeword\eval_clean\negatives\adversarial_tts\en-IE-ConnorNeural_hey_violet.wav,negative,0.214390,False
J:\CLAUDE\PROJECTS\Wakeword\eval_clean\negatives\adversarial_tts\en-IE-ConnorNeural_hey_violin.wav,negative,0.010968,False
J:\CLAUDE\PROJECTS\Wakeword\eval_clean\negatives\adversarial_tts\en-IE-ConnorNeural_hola.wav,negative,0.606141,True
J:\CLAUDE\PROJECTS\Wakeword\eval_clean\negatives\adversarial_tts\en-IE-ConnorNeural_how_are_you.wav,negative,0.403524,False
J:\CLAUDE\PROJECTS\Wakeword\eval_clean\negatives\adversarial_tts\en-IE-ConnorNeural_ok_Google.wav,negative,0.025946,False
J:\CLAUDE\PROJECTS\Wakeword\eval_clean\negatives\adversarial_tts\en-IE-ConnorNeural_play_music.wav,negative,0.041235,False
J:\CLAUDE\PROJECTS\Wakeword\eval_clean\negatives\adversarial_tts\en-IE-ConnorNeural_set_a_timer.wav,negative,0.209365,False
J:\CLAUDE\PROJECTS\Wakeword\eval_clean\negatives\adversarial_tts\en-IE-ConnorNeural_thank_you.wav,negative,0.176491,False
J:\CLAUDE\PROJECTS\Wakeword\eval_clean\negatives\adversarial_tts\en-IE-ConnorNeural_turn_off_the_lights.wav,negative,0.002962,False
J:\CLAUDE\PROJECTS\Wakeword\eval_clean\negatives\adversarial_tts\en-IE-ConnorNeural_valet.wav,negative,0.246764,False
J:\CLAUDE\PROJECTS\Wakeword\eval_clean\negatives\adversarial_tts\en-IE-ConnorNeural_valley.wav,negative,0.220161,False
J:\CLAUDE\PROJECTS\Wakeword\eval_clean\negatives\adversarial_tts\en-IE-ConnorNeural_vanilla.wav,negative,0.680374,True
J:\CLAUDE\PROJECTS\Wakeword\eval_clean\negatives\adversarial_tts\en-IE-ConnorNeural_via.wav,negative,0.346336,False
J:\CLAUDE\PROJECTS\Wakeword\eval_clean\negatives\adversarial_tts\en-IE-ConnorNeural_villa.wav,negative,0.556097,True
J:\CLAUDE\PROJECTS\Wakeword\eval_clean\negatives\adversarial_tts\en-IE-ConnorNeural_villain.wav,negative,0.271386,False
J:\CLAUDE\PROJECTS\Wakeword\eval_clean\negatives\adversarial_tts\en-IE-ConnorNeural_violence.wav,negative,0.135538,False
J:\CLAUDE\PROJECTS\Wakeword\eval_clean\negatives\adversarial_tts\en-IE-ConnorNeural_violent.wav,negative,0.013353,False
J:\CLAUDE\PROJECTS\Wakeword\eval_clean\negatives\adversarial_tts\en-IE-ConnorNeural_violet.wav,negative,0.435110,False
J:\CLAUDE\PROJECTS\Wakeword\eval_clean\negatives\adversarial_tts\en-IE-ConnorNeural_violin.wav,negative,0.020379,False
J:\CLAUDE\PROJECTS\Wakeword\eval_clean\negatives\adversarial_tts\en-IE-ConnorNeural_voila.wav,negative,0.667672,True
J:\CLAUDE\PROJECTS\Wakeword\eval_clean\negatives\adversarial_tts\en-IE-ConnorNeural_volume.wav,negative,0.121955,False
J:\CLAUDE\PROJECTS\Wakeword\eval_clean\negatives\adversarial_tts\en-IE-ConnorNeural_what_time_is_it.wav,negative,0.259095,False
J:\CLAUDE\PROJECTS\Wakeword\eval_clean\negatives\adversarial_tts\en-IN-NeerjaNeural_Alexa.wav,negative,0.024827,False
J:\CLAUDE\PROJECTS\Wakeword\eval_clean\negatives\adversarial_tts\en-IN-NeerjaNeural_good_morning.wav,negative,0.013579,False
J:\CLAUDE\PROJECTS\Wakeword\eval_clean\negatives\adversarial_tts\en-IN-NeerjaNeural_hello.wav,negative,0.442418,False
J:\CLAUDE\PROJECTS\Wakeword\eval_clean\negatives\adversarial_tts\en-IN-NeerjaNeural_hey_Siri.wav,negative,0.073004,False
J:\CLAUDE\PROJECTS\Wakeword\eval_clean\negatives\adversarial_tts\en-IN-NeerjaNeural_hey_violet.wav,negative,0.005737,False
J:\CLAUDE\PROJECTS\Wakeword\eval_clean\negatives\adversarial_tts\en-IN-NeerjaNeural_hey_violin.wav,negative,0.032543,False
J:\CLAUDE\PROJECTS\Wakeword\eval_clean\negatives\adversarial_tts\en-IN-NeerjaNeural_hola.wav,negative,0.606141,True
J:\CLAUDE\PROJECTS\Wakeword\eval_clean\negatives\adversarial_tts\en-IN-NeerjaNeural_how_are_you.wav,negative,0.690984,True
J:\CLAUDE\PROJECTS\Wakeword\eval_clean\negatives\adversarial_tts\en-IN-NeerjaNeural_ok_Google.wav,negative,0.008100,False
J:\CLAUDE\PROJECTS\Wakeword\eval_clean\negatives\adversarial_tts\en-IN-NeerjaNeural_play_music.wav,negative,0.446837,False
J:\CLAUDE\PROJECTS\Wakeword\eval_clean\negatives\adversarial_tts\en-IN-NeerjaNeural_set_a_timer.wav,negative,0.340272,False
J:\CLAUDE\PROJECTS\Wakeword\eval_clean\negatives\adversarial_tts\en-IN-NeerjaNeural_thank_you.wav,negative,0.050265,False
J:\CLAUDE\PROJECTS\Wakeword\eval_clean\negatives\adversarial_tts\en-IN-NeerjaNeural_turn_off_the_lights.wav,negative,0.008334,False
J:\CLAUDE\PROJECTS\Wakeword\eval_clean\negatives\adversarial_tts\en-IN-NeerjaNeural_valet.wav,negative,0.153103,False
J:\CLAUDE\PROJECTS\Wakeword\eval_clean\negatives\adversarial_tts\en-IN-NeerjaNeural_valley.wav,negative,0.068754,False
J:\CLAUDE\PROJECTS\Wakeword\eval_clean\negatives\adversarial_tts\en-IN-NeerjaNeural_vanilla.wav,negative,0.635954,True
J:\CLAUDE\PROJECTS\Wakeword\eval_clean\negatives\adversarial_tts\en-IN-NeerjaNeural_via.wav,negative,0.271181,False
J:\CLAUDE\PROJECTS\Wakeword\eval_clean\negatives\adversarial_tts\en-IN-NeerjaNeural_villa.wav,negative,0.579373,True
J:\CLAUDE\PROJECTS\Wakeword\eval_clean\negatives\adversarial_tts\en-IN-NeerjaNeural_villain.wav,negative,0.108291,False
J:\CLAUDE\PROJECTS\Wakeword\eval_clean\negatives\adversarial_tts\en-IN-NeerjaNeural_violence.wav,negative,0.197282,False
J:\CLAUDE\PROJECTS\Wakeword\eval_clean\negatives\adversarial_tts\en-IN-NeerjaNeural_violent.wav,negative,0.051901,False
J:\CLAUDE\PROJECTS\Wakeword\eval_clean\negatives\adversarial_tts\en-IN-NeerjaNeural_violet.wav,negative,0.050150,False
J:\CLAUDE\PROJECTS\Wakeword\eval_clean\negatives\adversarial_tts\en-IN-NeerjaNeural_violin.wav,negative,0.129287,False
J:\CLAUDE\PROJECTS\Wakeword\eval_clean\negatives\adversarial_tts\en-IN-NeerjaNeural_voila.wav,negative,0.606141,True
J:\CLAUDE\PROJECTS\Wakeword\eval_clean\negatives\adversarial_tts\en-IN-NeerjaNeural_volume.wav,negative,0.470850,False
J:\CLAUDE\PROJECTS\Wakeword\eval_clean\negatives\adversarial_tts\en-IN-NeerjaNeural_what_time_is_it.wav,negative,0.052630,False
J:\CLAUDE\PROJECTS\Wakeword\eval_clean\negatives\adversarial_tts\en-US-AriaNeural_Alexa.wav,negative,0.045285,False
J:\CLAUDE\PROJECTS\Wakeword\eval_clean\negatives\adversarial_tts\en-US-AriaNeural_good_morning.wav,negative,0.015049,False
J:\CLAUDE\PROJECTS\Wakeword\eval_clean\negatives\adversarial_tts\en-US-AriaNeural_hello.wav,negative,0.069460,False
J:\CLAUDE\PROJECTS\Wakeword\eval_clean\negatives\adversarial_tts\en-US-AriaNeural_hey_Siri.wav,negative,0.052789,False
J:\CLAUDE\PROJECTS\Wakeword\eval_clean\negatives\adversarial_tts\en-US-AriaNeural_hey_violet.wav,negative,0.031533,False
J:\CLAUDE\PROJECTS\Wakeword\eval_clean\negatives\adversarial_tts\en-US-AriaNeural_hey_violin.wav,negative,0.002757,False
J:\CLAUDE\PROJECTS\Wakeword\eval_clean\negatives\adversarial_tts\en-US-AriaNeural_hola.wav,negative,0.698019,True
J:\CLAUDE\PROJECTS\Wakeword\eval_clean\negatives\adversarial_tts\en-US-AriaNeural_how_are_you.wav,negative,0.238230,False
J:\CLAUDE\PROJECTS\Wakeword\eval_clean\negatives\adversarial_tts\en-US-AriaNeural_ok_Google.wav,negative,0.022618,False
J:\CLAUDE\PROJECTS\Wakeword\eval_clean\negatives\adversarial_tts\en-US-AriaNeural_play_music.wav,negative,0.035702,False
J:\CLAUDE\PROJECTS\Wakeword\eval_clean\negatives\adversarial_tts\en-US-AriaNeural_set_a_timer.wav,negative,0.405295,False
J:\CLAUDE\PROJECTS\Wakeword\eval_clean\negatives\adversarial_tts\en-US-AriaNeural_thank_you.wav,negative,0.051817,False
J:\CLAUDE\PROJECTS\Wakeword\eval_clean\negatives\adversarial_tts\en-US-AriaNeural_turn_off_the_lights.wav,negative,0.081412,False
J:\CLAUDE\PROJECTS\Wakeword\eval_clean\negatives\adversarial_tts\en-US-AriaNeural_valet.wav,negative,0.014801,False
J:\CLAUDE\PROJECTS\Wakeword\eval_clean\negatives\adversarial_tts\en-US-AriaNeural_valley.wav,negative,0.182545,False
J:\CLAUDE\PROJECTS\Wakeword\eval_clean\negatives\adversarial_tts\en-US-AriaNeural_vanilla.wav,negative,0.725016,True
J:\CLAUDE\PROJECTS\Wakeword\eval_clean\negatives\adversarial_tts\en-US-AriaNeural_via.wav,negative,0.149182,False
J:\CLAUDE\PROJECTS\Wakeword\eval_clean\negatives\adversarial_tts\en-US-AriaNeural_villa.wav,negative,0.726957,True
J:\CLAUDE\PROJECTS\Wakeword\eval_clean\negatives\adversarial_tts\en-US-AriaNeural_villain.wav,negative,0.026987,False
J:\CLAUDE\PROJECTS\Wakeword\eval_clean\negatives\adversarial_tts\en-US-AriaNeural_violence.wav,negative,0.041629,False
J:\CLAUDE\PROJECTS\Wakeword\eval_clean\negatives\adversarial_tts\en-US-AriaNeural_violent.wav,negative,0.004125,False
J:\CLAUDE\PROJECTS\Wakeword\eval_clean\negatives\adversarial_tts\en-US-AriaNeural_violet.wav,negative,0.213306,False
J:\CLAUDE\PROJECTS\Wakeword\eval_clean\negatives\adversarial_tts\en-US-AriaNeural_violin.wav,negative,0.003799,False
J:\CLAUDE\PROJECTS\Wakeword\eval_clean\negatives\adversarial_tts\en-US-AriaNeural_voila.wav,negative,0.675506,True
J:\CLAUDE\PROJECTS\Wakeword\eval_clean\negatives\adversarial_tts\en-US-AriaNeural_volume.wav,negative,0.089335,False
J:\CLAUDE\PROJECTS\Wakeword\eval_clean\negatives\adversarial_tts\en-US-AriaNeural_what_time_is_it.wav,negative,0.061295,False
J:\CLAUDE\PROJECTS\Wakeword\eval_clean\negatives\adversarial_tts\en-US-GuyNeural_Alexa.wav,negative,0.160768,False
J:\CLAUDE\PROJECTS\Wakeword\eval_clean\negatives\adversarial_tts\en-US-GuyNeural_good_morning.wav,negative,0.019812,False
J:\CLAUDE\PROJECTS\Wakeword\eval_clean\negatives\adversarial_tts\en-US-GuyNeural_hello.wav,negative,0.064905,False
J:\CLAUDE\PROJECTS\Wakeword\eval_clean\negatives\adversarial_tts\en-US-GuyNeural_hey_Siri.wav,negative,0.022502,False
J:\CLAUDE\PROJECTS\Wakeword\eval_clean\negatives\adversarial_tts\en-US-GuyNeural_hey_violet.wav,negative,0.049721,False
J:\CLAUDE\PROJECTS\Wakeword\eval_clean\negatives\adversarial_tts\en-US-GuyNeural_hey_violin.wav,negative,0.015171,False
J:\CLAUDE\PROJECTS\Wakeword\eval_clean\negatives\adversarial_tts\en-US-GuyNeural_hola.wav,negative,0.690978,True
J:\CLAUDE\PROJECTS\Wakeword\eval_clean\negatives\adversarial_tts\en-US-GuyNeural_how_are_you.wav,negative,0.457775,False
J:\CLAUDE\PROJECTS\Wakeword\eval_clean\negatives\adversarial_tts\en-US-GuyNeural_ok_Google.wav,negative,0.025951,False
J:\CLAUDE\PROJECTS\Wakeword\eval_clean\negatives\adversarial_tts\en-US-GuyNeural_play_music.wav,negative,0.041461,False
J:\CLAUDE\PROJECTS\Wakeword\eval_clean\negatives\adversarial_tts\en-US-GuyNeural_set_a_timer.wav,negative,0.045980,False
J:\CLAUDE\PROJECTS\Wakeword\eval_clean\negatives\adversarial_tts\en-US-GuyNeural_thank_you.wav,negative,0.390982,False
J:\CLAUDE\PROJECTS\Wakeword\eval_clean\negatives\adversarial_tts\en-US-GuyNeural_turn_off_the_lights.wav,negative,0.013494,False
J:\CLAUDE\PROJECTS\Wakeword\eval_clean\negatives\adversarial_tts\en-US-GuyNeural_valet.wav,negative,0.033548,False
J:\CLAUDE\PROJECTS\Wakeword\eval_clean\negatives\adversarial_tts\en-US-GuyNeural_valley.wav,negative,0.123021,False
J:\CLAUDE\PROJECTS\Wakeword\eval_clean\negatives\adversarial_tts\en-US-GuyNeural_vanilla.wav,negative,0.761931,True
J:\CLAUDE\PROJECTS\Wakeword\eval_clean\negatives\adversarial_tts\en-US-GuyNeural_via.wav,negative,0.228145,False
J:\CLAUDE\PROJECTS\Wakeword\eval_clean\negatives\adversarial_tts\en-US-GuyNeural_villa.wav,negative,0.683837,True
J:\CLAUDE\PROJECTS\Wakeword\eval_clean\negatives\adversarial_tts\en-US-GuyNeural_villain.wav,negative,0.077574,False
J:\CLAUDE\PROJECTS\Wakeword\eval_clean\negatives\adversarial_tts\en-US-GuyNeural_violence.wav,negative,0.160210,False
J:\CLAUDE\PROJECTS\Wakeword\eval_clean\negatives\adversarial_tts\en-US-GuyNeural_violent.wav,negative,0.007532,False
J:\CLAUDE\PROJECTS\Wakeword\eval_clean\negatives\adversarial_tts\en-US-GuyNeural_violet.wav,negative,0.027751,False
J:\CLAUDE\PROJECTS\Wakeword\eval_clean\negatives\adversarial_tts\en-US-GuyNeural_violin.wav,negative,0.014491,False
J:\CLAUDE\PROJECTS\Wakeword\eval_clean\negatives\adversarial_tts\en-US-GuyNeural_voila.wav,negative,0.595461,True
J:\CLAUDE\PROJECTS\Wakeword\eval_clean\negatives\adversarial_tts\en-US-GuyNeural_volume.wav,negative,0.301065,False
J:\CLAUDE\PROJECTS\Wakeword\eval_clean\negatives\adversarial_tts\en-US-GuyNeural_what_time_is_it.wav,negative,0.166082,False
J:\CLAUDE\PROJECTS\Wakeword\eval_clean\negatives\adversarial_tts\en-US-JennyNeural_Alexa.wav,negative,0.028996,False
J:\CLAUDE\PROJECTS\Wakeword\eval_clean\negatives\adversarial_tts\en-US-JennyNeural_good_morning.wav,negative,0.011957,False
J:\CLAUDE\PROJECTS\Wakeword\eval_clean\negatives\adversarial_tts\en-US-JennyNeural_hello.wav,negative,0.079680,False
J:\CLAUDE\PROJECTS\Wakeword\eval_clean\negatives\adversarial_tts\en-US-JennyNeural_hey_Siri.wav,negative,0.042926,False
J:\CLAUDE\PROJECTS\Wakeword\eval_clean\negatives\adversarial_tts\en-US-JennyNeural_hey_violet.wav,negative,0.002012,False
J:\CLAUDE\PROJECTS\Wakeword\eval_clean\negatives\adversarial_tts\en-US-JennyNeural_hey_violin.wav,negative,0.003570,False
J:\CLAUDE\PROJECTS\Wakeword\eval_clean\negatives\adversarial_tts\en-US-JennyNeural_hola.wav,negative,0.674664,True
J:\CLAUDE\PROJECTS\Wakeword\eval_clean\negatives\adversarial_tts\en-US-JennyNeural_how_are_you.wav,negative,0.088667,False
J:\CLAUDE\PROJECTS\Wakeword\eval_clean\negatives\adversarial_tts\en-US-JennyNeural_ok_Google.wav,negative,0.048766,False
J:\CLAUDE\PROJECTS\Wakeword\eval_clean\negatives\adversarial_tts\en-US-JennyNeural_play_music.wav,negative,0.003432,False
J:\CLAUDE\PROJECTS\Wakeword\eval_clean\negatives\adversarial_tts\en-US-JennyNeural_set_a_timer.wav,negative,0.072048,False
J:\CLAUDE\PROJECTS\Wakeword\eval_clean\negatives\adversarial_tts\en-US-JennyNeural_thank_you.wav,negative,0.038786,False
J:\CLAUDE\PROJECTS\Wakeword\eval_clean\negatives\adversarial_tts\en-US-JennyNeural_turn_off_the_lights.wav,negative,0.001190,False
J:\CLAUDE\PROJECTS\Wakeword\eval_clean\negatives\adversarial_tts\en-US-JennyNeural_valet.wav,negative,0.048054,False
J:\CLAUDE\PROJECTS\Wakeword\eval_clean\negatives\adversarial_tts\en-US-JennyNeural_valley.wav,negative,0.114745,False
J:\CLAUDE\PROJECTS\Wakeword\eval_clean\negatives\adversarial_tts\en-US-JennyNeural_vanilla.wav,negative,0.664030,True
J:\CLAUDE\PROJECTS\Wakeword\eval_clean\negatives\adversarial_tts\en-US-JennyNeural_via.wav,negative,0.069968,False
J:\CLAUDE\PROJECTS\Wakeword\eval_clean\negatives\adversarial_tts\en-US-JennyNeural_villa.wav,negative,0.641009,True
J:\CLAUDE\PROJECTS\Wakeword\eval_clean\negatives\adversarial_tts\en-US-JennyNeural_villain.wav,negative,0.066970,False
J:\CLAUDE\PROJECTS\Wakeword\eval_clean\negatives\adversarial_tts\en-US-JennyNeural_violence.wav,negative,0.089255,False
J:\CLAUDE\PROJECTS\Wakeword\eval_clean\negatives\adversarial_tts\en-US-JennyNeural_violent.wav,negative,0.003743,False
J:\CLAUDE\PROJECTS\Wakeword\eval_clean\negatives\adversarial_tts\en-US-JennyNeural_violet.wav,negative,0.026012,False
J:\CLAUDE\PROJECTS\Wakeword\eval_clean\negatives\adversarial_tts\en-US-JennyNeural_violin.wav,negative,0.002355,False
J:\CLAUDE\PROJECTS\Wakeword\eval_clean\negatives\adversarial_tts\en-US-JennyNeural_voila.wav,negative,0.651258,True
J:\CLAUDE\PROJECTS\Wakeword\eval_clean\negatives\adversarial_tts\en-US-JennyNeural_volume.wav,negative,0.101832,False
J:\CLAUDE\PROJECTS\Wakeword\eval_clean\negatives\adversarial_tts\en-US-JennyNeural_what_time_is_it.wav,negative,0.000788,False
J:\CLAUDE\PROJECTS\Wakeword\eval_clean\negatives\adversarial_tts\en-ZA-LeahNeural_Alexa.wav,negative,0.092017,False
J:\CLAUDE\PROJECTS\Wakeword\eval_clean\negatives\adversarial_tts\en-ZA-LeahNeural_good_morning.wav,negative,0.028163,False
J:\CLAUDE\PROJECTS\Wakeword\eval_clean\negatives\adversarial_tts\en-ZA-LeahNeural_hello.wav,negative,0.295558,False
J:\CLAUDE\PROJECTS\Wakeword\eval_clean\negatives\adversarial_tts\en-ZA-LeahNeural_hey_Siri.wav,negative,0.415934,False
J:\CLAUDE\PROJECTS\Wakeword\eval_clean\negatives\adversarial_tts\en-ZA-LeahNeural_hey_violet.wav,negative,0.461865,False
J:\CLAUDE\PROJECTS\Wakeword\eval_clean\negatives\adversarial_tts\en-ZA-LeahNeural_hey_violin.wav,negative,0.047095,False
J:\CLAUDE\PROJECTS\Wakeword\eval_clean\negatives\adversarial_tts\en-ZA-LeahNeural_hola.wav,negative,0.606141,True
J:\CLAUDE\PROJECTS\Wakeword\eval_clean\negatives\adversarial_tts\en-ZA-LeahNeural_how_are_you.wav,negative,0.653747,True
J:\CLAUDE\PROJECTS\Wakeword\eval_clean\negatives\adversarial_tts\en-ZA-LeahNeural_ok_Google.wav,negative,0.139741,False
J:\CLAUDE\PROJECTS\Wakeword\eval_clean\negatives\adversarial_tts\en-ZA-LeahNeural_play_music.wav,negative,0.250825,False
J:\CLAUDE\PROJECTS\Wakeword\eval_clean\negatives\adversarial_tts\en-ZA-LeahNeural_set_a_timer.wav,negative,0.310749,False
J:\CLAUDE\PROJECTS\Wakeword\eval_clean\negatives\adversarial_tts\en-ZA-LeahNeural_thank_you.wav,negative,0.196910,False
J:\CLAUDE\PROJECTS\Wakeword\eval_clean\negatives\adversarial_tts\en-ZA-LeahNeural_turn_off_the_lights.wav,negative,0.015760,False
J:\CLAUDE\PROJECTS\Wakeword\eval_clean\negatives\adversarial_tts\en-ZA-LeahNeural_valet.wav,negative,0.265193,False
J:\CLAUDE\PROJECTS\Wakeword\eval_clean\negatives\adversarial_tts\en-ZA-LeahNeural_valley.wav,negative,0.231374,False
J:\CLAUDE\PROJECTS\Wakeword\eval_clean\negatives\adversarial_tts\en-ZA-LeahNeural_vanilla.wav,negative,0.529737,True
J:\CLAUDE\PROJECTS\Wakeword\eval_clean\negatives\adversarial_tts\en-ZA-LeahNeural_via.wav,negative,0.093148,False
J:\CLAUDE\PROJECTS\Wakeword\eval_clean\negatives\adversarial_tts\en-ZA-LeahNeural_villa.wav,negative,0.627769,True
J:\CLAUDE\PROJECTS\Wakeword\eval_clean\negatives\adversarial_tts\en-ZA-LeahNeural_villain.wav,negative,0.214038,False
J:\CLAUDE\PROJECTS\Wakeword\eval_clean\negatives\adversarial_tts\en-ZA-LeahNeural_violence.wav,negative,0.105831,False
J:\CLAUDE\PROJECTS\Wakeword\eval_clean\negatives\adversarial_tts\en-ZA-LeahNeural_violent.wav,negative,0.138573,False
J:\CLAUDE\PROJECTS\Wakeword\eval_clean\negatives\adversarial_tts\en-ZA-LeahNeural_violet.wav,negative,0.264016,False
J:\CLAUDE\PROJECTS\Wakeword\eval_clean\negatives\adversarial_tts\en-ZA-LeahNeural_violin.wav,negative,0.138258,False
J:\CLAUDE\PROJECTS\Wakeword\eval_clean\negatives\adversarial_tts\en-ZA-LeahNeural_voila.wav,negative,0.605376,True
J:\CLAUDE\PROJECTS\Wakeword\eval_clean\negatives\adversarial_tts\en-ZA-LeahNeural_volume.wav,negative,0.230466,False
J:\CLAUDE\PROJECTS\Wakeword\eval_clean\negatives\adversarial_tts\en-ZA-LeahNeural_what_time_is_it.wav,negative,0.432095,False
J:\CLAUDE\PROJECTS\Wakeword\eval_clean\negatives\noise\brown_noise.wav,negative,0.390047,False
J:\CLAUDE\PROJECTS\Wakeword\eval_clean\negatives\noise\clicks.wav,negative,0.380144,False
J:\CLAUDE\PROJECTS\Wakeword\eval_clean\negatives\noise\hum_120hz.wav,negative,0.174452,False
J:\CLAUDE\PROJECTS\Wakeword\eval_clean\negatives\noise\hum_60hz.wav,negative,0.247846,False
J:\CLAUDE\PROJECTS\Wakeword\eval_clean\negatives\noise\pink_noise_loud.wav,negative,0.394380,False
J:\CLAUDE\PROJECTS\Wakeword\eval_clean\negatives\noise\pink_noise_quiet.wav,negative,0.454585,False
J:\CLAUDE\PROJECTS\Wakeword\eval_clean\negatives\noise\room_tone_00.wav,negative,0.228288,False
J:\CLAUDE\PROJECTS\Wakeword\eval_clean\negatives\noise\room_tone_01.wav,negative,0.470329,False
J:\CLAUDE\PROJECTS\Wakeword\eval_clean\negatives\noise\room_tone_02.wav,negative,0.346772,False
J:\CLAUDE\PROJECTS\Wakeword\eval_clean\negatives\noise\room_tone_03.wav,negative,0.426438,False
J:\CLAUDE\PROJECTS\Wakeword\eval_clean\negatives\noise\room_tone_04.wav,negative,0.525092,True
J:\CLAUDE\PROJECTS\Wakeword\eval_clean\negatives\noise\silence.wav,negative,0.334562,False
J:\CLAUDE\PROJECTS\Wakeword\eval_clean\negatives\noise\static.wav,negative,0.341634,False
J:\CLAUDE\PROJECTS\Wakeword\eval_clean\negatives\noise\tone_1khz.wav,negative,0.922010,True
J:\CLAUDE\PROJECTS\Wakeword\eval_clean\negatives\noise\white_noise_loud.wav,negative,0.179975,False
J:\CLAUDE\PROJECTS\Wakeword\eval_clean\negatives\noise\white_noise_quiet.wav,negative,0.390917,False
J:\CLAUDE\PROJECTS\Wakeword\eval_clean\negatives\speech\en-AU-WilliamNeural_phrase_000.wav,negative,0.005909,False
J:\CLAUDE\PROJECTS\Wakeword\eval_clean\negatives\speech\en-AU-WilliamNeural_phrase_001.wav,negative,0.002730,False
J:\CLAUDE\PROJECTS\Wakeword\eval_clean\negatives\speech\en-AU-WilliamNeural_phrase_002.wav,negative,0.000001,False
J:\CLAUDE\PROJECTS\Wakeword\eval_clean\negatives\speech\en-AU-WilliamNeural_phrase_003.wav,negative,0.000072,False
J:\CLAUDE\PROJECTS\Wakeword\eval_clean\negatives\speech\en-AU-WilliamNeural_phrase_004.wav,negative,0.000018,False
J:\CLAUDE\PROJECTS\Wakeword\eval_clean\negatives\speech\en-AU-WilliamNeural_phrase_005.wav,negative,0.000008,False
J:\CLAUDE\PROJECTS\Wakeword\eval_clean\negatives\speech\en-AU-WilliamNeural_phrase_006.wav,negative,0.000158,False
J:\CLAUDE\PROJECTS\Wakeword\eval_clean\negatives\speech\en-AU-WilliamNeural_phrase_007.wav,negative,0.000209,False
J:\CLAUDE\PROJECTS\Wakeword\eval_clean\negatives\speech\en-AU-WilliamNeural_phrase_008.wav,negative,0.000000,False
J:\CLAUDE\PROJECTS\Wakeword\eval_clean\negatives\speech\en-AU-WilliamNeural_phrase_009.wav,negative,0.000605,False
J:\CLAUDE\PROJECTS\Wakeword\eval_clean\negatives\speech\en-AU-WilliamNeural_phrase_010.wav,negative,0.000001,False
J:\CLAUDE\PROJECTS\Wakeword\eval_clean\negatives\speech\en-AU-WilliamNeural_phrase_011.wav,negative,0.000342,False
J:\CLAUDE\PROJECTS\Wakeword\eval_clean\negatives\speech\en-AU-WilliamNeural_phrase_012.wav,negative,0.000001,False
J:\CLAUDE\PROJECTS\Wakeword\eval_clean\negatives\speech\en-AU-WilliamNeural_phrase_013.wav,negative,0.000000,False
J:\CLAUDE\PROJECTS\Wakeword\eval_clean\negatives\speech\en-AU-WilliamNeural_phrase_014.wav,negative,0.000008,False
J:\CLAUDE\PROJECTS\Wakeword\eval_clean\negatives\speech\en-AU-WilliamNeural_phrase_015.wav,negative,0.005013,False
J:\CLAUDE\PROJECTS\Wakeword\eval_clean\negatives\speech\en-AU-WilliamNeural_phrase_016.wav,negative,0.000001,False
J:\CLAUDE\PROJECTS\Wakeword\eval_clean\negatives\speech\en-AU-WilliamNeural_phrase_017.wav,negative,0.078284,False
J:\CLAUDE\PROJECTS\Wakeword\eval_clean\negatives\speech\en-AU-WilliamNeural_phrase_018.wav,negative,0.000000,False
J:\CLAUDE\PROJECTS\Wakeword\eval_clean\negatives\speech\en-AU-WilliamNeural_phrase_019.wav,negative,0.000000,False
J:\CLAUDE\PROJECTS\Wakeword\eval_clean\negatives\speech\en-AU-WilliamNeural_phrase_020.wav,negative,0.101876,False
J:\CLAUDE\PROJECTS\Wakeword\eval_clean\negatives\speech\en-AU-WilliamNeural_phrase_021.wav,negative,0.000000,False
J:\CLAUDE\PROJECTS\Wakeword\eval_clean\negatives\speech\en-AU-WilliamNeural_phrase_022.wav,negative,0.003472,False
J:\CLAUDE\PROJECTS\Wakeword\eval_clean\negatives\speech\en-AU-WilliamNeural_phrase_023.wav,negative,0.000669,False
J:\CLAUDE\PROJECTS\Wakeword\eval_clean\negatives\speech\en-AU-WilliamNeural_phrase_024.wav,negative,0.000004,False
J:\CLAUDE\PROJECTS\Wakeword\eval_clean\negatives\speech\en-AU-WilliamNeural_phrase_025.wav,negative,0.000001,False
J:\CLAUDE\PROJECTS\Wakeword\eval_clean\negatives\speech\en-AU-WilliamNeural_phrase_026.wav,negative,0.000000,False
J:\CLAUDE\PROJECTS\Wakeword\eval_clean\negatives\speech\en-AU-WilliamNeural_phrase_027.wav,negative,0.000000,False
J:\CLAUDE\PROJECTS\Wakeword\eval_clean\negatives\speech\en-AU-WilliamNeural_phrase_028.wav,negative,0.000065,False
J:\CLAUDE\PROJECTS\Wakeword\eval_clean\negatives\speech\en-AU-WilliamNeural_phrase_029.wav,negative,0.000041,False
J:\CLAUDE\PROJECTS\Wakeword\eval_clean\negatives\speech\en-CA-ClaraNeural_phrase_000.wav,negative,0.000163,False
J:\CLAUDE\PROJECTS\Wakeword\eval_clean\negatives\speech\en-CA-ClaraNeural_phrase_001.wav,negative,0.014878,False
J:\CLAUDE\PROJECTS\Wakeword\eval_clean\negatives\speech\en-CA-ClaraNeural_phrase_002.wav,negative,0.001393,False
J:\CLAUDE\PROJECTS\Wakeword\eval_clean\negatives\speech\en-CA-ClaraNeural_phrase_003.wav,negative,0.002451,False
J:\CLAUDE\PROJECTS\Wakeword\eval_clean\negatives\speech\en-CA-ClaraNeural_phrase_004.wav,negative,0.000002,False
J:\CLAUDE\PROJECTS\Wakeword\eval_clean\negatives\speech\en-CA-ClaraNeural_phrase_005.wav,negative,0.000008,False
J:\CLAUDE\PROJECTS\Wakeword\eval_clean\negatives\speech\en-CA-ClaraNeural_phrase_006.wav,negative,0.000120,False
J:\CLAUDE\PROJECTS\Wakeword\eval_clean\negatives\speech\en-CA-ClaraNeural_phrase_007.wav,negative,0.000026,False
J:\CLAUDE\PROJECTS\Wakeword\eval_clean\negatives\speech\en-CA-ClaraNeural_phrase_008.wav,negative,0.000000,False
J:\CLAUDE\PROJECTS\Wakeword\eval_clean\negatives\speech\en-CA-ClaraNeural_phrase_009.wav,negative,0.000070,False
J:\CLAUDE\PROJECTS\Wakeword\eval_clean\negatives\speech\en-CA-ClaraNeural_phrase_010.wav,negative,0.000005,False
J:\CLAUDE\PROJECTS\Wakeword\eval_clean\negatives\speech\en-CA-ClaraNeural_phrase_011.wav,negative,0.000052,False
J:\CLAUDE\PROJECTS\Wakeword\eval_clean\negatives\speech\en-CA-ClaraNeural_phrase_012.wav,negative,0.000007,False
J:\CLAUDE\PROJECTS\Wakeword\eval_clean\negatives\speech\en-CA-ClaraNeural_phrase_013.wav,negative,0.000048,False
J:\CLAUDE\PROJECTS\Wakeword\eval_clean\negatives\speech\en-CA-ClaraNeural_phrase_014.wav,negative,0.000038,False
J:\CLAUDE\PROJECTS\Wakeword\eval_clean\negatives\speech\en-CA-ClaraNeural_phrase_015.wav,negative,0.011459,False
J:\CLAUDE\PROJECTS\Wakeword\eval_clean\negatives\speech\en-CA-ClaraNeural_phrase_016.wav,negative,0.000000,False
J:\CLAUDE\PROJECTS\Wakeword\eval_clean\negatives\speech\en-CA-ClaraNeural_phrase_017.wav,negative,0.011982,False
J:\CLAUDE\PROJECTS\Wakeword\eval_clean\negatives\speech\en-CA-ClaraNeural_phrase_018.wav,negative,0.000166,False
J:\CLAUDE\PROJECTS\Wakeword\eval_clean\negatives\speech\en-CA-ClaraNeural_phrase_019.wav,negative,0.000000,False
J:\CLAUDE\PROJECTS\Wakeword\eval_clean\negatives\speech\en-CA-ClaraNeural_phrase_020.wav,negative,0.046097,False
J:\CLAUDE\PROJECTS\Wakeword\eval_clean\negatives\speech\en-CA-ClaraNeural_phrase_021.wav,negative,0.000000,False
J:\CLAUDE\PROJECTS\Wakeword\eval_clean\negatives\speech\en-CA-ClaraNeural_phrase_022.wav,negative,0.000512,False
J:\CLAUDE\PROJECTS\Wakeword\eval_clean\negatives\speech\en-CA-ClaraNeural_phrase_023.wav,negative,0.000002,False
J:\CLAUDE\PROJECTS\Wakeword\eval_clean\negatives\speech\en-CA-ClaraNeural_phrase_024.wav,negative,0.000000,False
J:\CLAUDE\PROJECTS\Wakeword\eval_clean\negatives\speech\en-CA-ClaraNeural_phrase_025.wav,negative,0.000000,False
J:\CLAUDE\PROJECTS\Wakeword\eval_clean\negatives\speech\en-CA-ClaraNeural_phrase_026.wav,negative,0.000855,False
J:\CLAUDE\PROJECTS\Wakeword\eval_clean\negatives\speech\en-CA-ClaraNeural_phrase_027.wav,negative,0.000000,False
J:\CLAUDE\PROJECTS\Wakeword\eval_clean\negatives\speech\en-CA-ClaraNeural_phrase_028.wav,negative,0.005303,False
J:\CLAUDE\PROJECTS\Wakeword\eval_clean\negatives\speech\en-CA-ClaraNeural_phrase_029.wav,negative,0.000420,False
J:\CLAUDE\PROJECTS\Wakeword\eval_clean\negatives\speech\en-GB-RyanNeural_phrase_000.wav,negative,0.000242,False
J:\CLAUDE\PROJECTS\Wakeword\eval_clean\negatives\speech\en-GB-RyanNeural_phrase_001.wav,negative,0.052574,False
J:\CLAUDE\PROJECTS\Wakeword\eval_clean\negatives\speech\en-GB-RyanNeural_phrase_002.wav,negative,0.000073,False
J:\CLAUDE\PROJECTS\Wakeword\eval_clean\negatives\speech\en-GB-RyanNeural_phrase_003.wav,negative,0.000266,False
J:\CLAUDE\PROJECTS\Wakeword\eval_clean\negatives\speech\en-GB-RyanNeural_phrase_004.wav,negative,0.000006,False
J:\CLAUDE\PROJECTS\Wakeword\eval_clean\negatives\speech\en-GB-RyanNeural_phrase_005.wav,negative,0.000209,False
J:\CLAUDE\PROJECTS\Wakeword\eval_clean\negatives\speech\en-GB-RyanNeural_phrase_006.wav,negative,0.017991,False
J:\CLAUDE\PROJECTS\Wakeword\eval_clean\negatives\speech\en-GB-RyanNeural_phrase_007.wav,negative,0.000056,False
J:\CLAUDE\PROJECTS\Wakeword\eval_clean\negatives\speech\en-GB-RyanNeural_phrase_008.wav,negative,0.000000,False
J:\CLAUDE\PROJECTS\Wakeword\eval_clean\negatives\speech\en-GB-RyanNeural_phrase_009.wav,negative,0.000022,False
J:\CLAUDE\PROJECTS\Wakeword\eval_clean\negatives\speech\en-GB-RyanNeural_phrase_010.wav,negative,0.000017,False
J:\CLAUDE\PROJECTS\Wakeword\eval_clean\negatives\speech\en-GB-RyanNeural_phrase_011.wav,negative,0.000905,False
J:\CLAUDE\PROJECTS\Wakeword\eval_clean\negatives\speech\en-GB-RyanNeural_phrase_012.wav,negative,0.000001,False
J:\CLAUDE\PROJECTS\Wakeword\eval_clean\negatives\speech\en-GB-RyanNeural_phrase_013.wav,negative,0.000245,False
J:\CLAUDE\PROJECTS\Wakeword\eval_clean\negatives\speech\en-GB-RyanNeural_phrase_014.wav,negative,0.000133,False
J:\CLAUDE\PROJECTS\Wakeword\eval_clean\negatives\speech\en-GB-RyanNeural_phrase_015.wav,negative,0.040760,False
J:\CLAUDE\PROJECTS\Wakeword\eval_clean\negatives\speech\en-GB-RyanNeural_phrase_016.wav,negative,0.000000,False
J:\CLAUDE\PROJECTS\Wakeword\eval_clean\negatives\speech\en-GB-RyanNeural_phrase_017.wav,negative,0.000315,False
J:\CLAUDE\PROJECTS\Wakeword\eval_clean\negatives\speech\en-GB-RyanNeural_phrase_018.wav,negative,0.002048,False
J:\CLAUDE\PROJECTS\Wakeword\eval_clean\negatives\speech\en-GB-RyanNeural_phrase_019.wav,negative,0.000004,False
J:\CLAUDE\PROJECTS\Wakeword\eval_clean\negatives\speech\en-GB-RyanNeural_phrase_020.wav,negative,0.046117,False
J:\CLAUDE\PROJECTS\Wakeword\eval_clean\negatives\speech\en-GB-RyanNeural_phrase_021.wav,negative,0.000000,False
J:\CLAUDE\PROJECTS\Wakeword\eval_clean\negatives\speech\en-GB-RyanNeural_phrase_022.wav,negative,0.001397,False
J:\CLAUDE\PROJECTS\Wakeword\eval_clean\negatives\speech\en-GB-RyanNeural_phrase_023.wav,negative,0.000023,False
J:\CLAUDE\PROJECTS\Wakeword\eval_clean\negatives\speech\en-GB-RyanNeural_phrase_024.wav,negative,0.000000,False
J:\CLAUDE\PROJECTS\Wakeword\eval_clean\negatives\speech\en-GB-RyanNeural_phrase_025.wav,negative,0.000000,False
J:\CLAUDE\PROJECTS\Wakeword\eval_clean\negatives\speech\en-GB-RyanNeural_phrase_026.wav,negative,0.000011,False
J:\CLAUDE\PROJECTS\Wakeword\eval_clean\negatives\speech\en-GB-RyanNeural_phrase_027.wav,negative,0.000000,False
J:\CLAUDE\PROJECTS\Wakeword\eval_clean\negatives\speech\en-GB-RyanNeural_phrase_028.wav,negative,0.004150,False
J:\CLAUDE\PROJECTS\Wakeword\eval_clean\negatives\speech\en-GB-RyanNeural_phrase_029.wav,negative,0.000306,False
J:\CLAUDE\PROJECTS\Wakeword\eval_clean\negatives\speech\en-GB-SoniaNeural_phrase_000.wav,negative,0.143647,False
J:\CLAUDE\PROJECTS\Wakeword\eval_clean\negatives\speech\en-GB-SoniaNeural_phrase_001.wav,negative,0.035121,False
J:\CLAUDE\PROJECTS\Wakeword\eval_clean\negatives\speech\en-GB-SoniaNeural_phrase_002.wav,negative,0.000473,False
J:\CLAUDE\PROJECTS\Wakeword\eval_clean\negatives\speech\en-GB-SoniaNeural_phrase_003.wav,negative,0.046500,False
J:\CLAUDE\PROJECTS\Wakeword\eval_clean\negatives\speech\en-GB-SoniaNeural_phrase_004.wav,negative,0.000148,False
J:\CLAUDE\PROJECTS\Wakeword\eval_clean\negatives\speech\en-GB-SoniaNeural_phrase_005.wav,negative,0.000515,False
J:\CLAUDE\PROJECTS\Wakeword\eval_clean\negatives\speech\en-GB-SoniaNeural_phrase_006.wav,negative,0.000236,False
J:\CLAUDE\PROJECTS\Wakeword\eval_clean\negatives\speech\en-GB-SoniaNeural_phrase_007.wav,negative,0.016641,False
J:\CLAUDE\PROJECTS\Wakeword\eval_clean\negatives\speech\en-GB-SoniaNeural_phrase_008.wav,negative,0.000007,False
J:\CLAUDE\PROJECTS\Wakeword\eval_clean\negatives\speech\en-GB-SoniaNeural_phrase_009.wav,negative,0.329088,False
J:\CLAUDE\PROJECTS\Wakeword\eval_clean\negatives\speech\en-GB-SoniaNeural_phrase_010.wav,negative,0.000055,False
J:\CLAUDE\PROJECTS\Wakeword\eval_clean\negatives\speech\en-GB-SoniaNeural_phrase_011.wav,negative,0.002999,False
J:\CLAUDE\PROJECTS\Wakeword\eval_clean\negatives\speech\en-GB-SoniaNeural_phrase_012.wav,negative,0.000004,False
J:\CLAUDE\PROJECTS\Wakeword\eval_clean\negatives\speech\en-GB-SoniaNeural_phrase_013.wav,negative,0.000091,False
J:\CLAUDE\PROJECTS\Wakeword\eval_clean\negatives\speech\en-GB-SoniaNeural_phrase_014.wav,negative,0.001018,False
J:\CLAUDE\PROJECTS\Wakeword\eval_clean\negatives\speech\en-GB-SoniaNeural_phrase_015.wav,negative,0.061825,False
J:\CLAUDE\PROJECTS\Wakeword\eval_clean\negatives\speech\en-GB-SoniaNeural_phrase_016.wav,negative,0.000211,False
J:\CLAUDE\PROJECTS\Wakeword\eval_clean\negatives\speech\en-GB-SoniaNeural_phrase_017.wav,negative,0.008275,False
J:\CLAUDE\PROJECTS\Wakeword\eval_clean\negatives\speech\en-GB-SoniaNeural_phrase_018.wav,negative,0.000757,False
J:\CLAUDE\PROJECTS\Wakeword\eval_clean\negatives\speech\en-GB-SoniaNeural_phrase_019.wav,negative,0.000000,False
J:\CLAUDE\PROJECTS\Wakeword\eval_clean\negatives\speech\en-GB-SoniaNeural_phrase_020.wav,negative,0.220643,False
J:\CLAUDE\PROJECTS\Wakeword\eval_clean\negatives\speech\en-GB-SoniaNeural_phrase_021.wav,negative,0.000078,False
J:\CLAUDE\PROJECTS\Wakeword\eval_clean\negatives\speech\en-GB-SoniaNeural_phrase_022.wav,negative,0.082534,False
J:\CLAUDE\PROJECTS\Wakeword\eval_clean\negatives\speech\en-GB-SoniaNeural_phrase_023.wav,negative,0.000429,False
J:\CLAUDE\PROJECTS\Wakeword\eval_clean\negatives\speech\en-GB-SoniaNeural_phrase_024.wav,negative,0.000023,False
J:\CLAUDE\PROJECTS\Wakeword\eval_clean\negatives\speech\en-GB-SoniaNeural_phrase_025.wav,negative,0.000289,False
J:\CLAUDE\PROJECTS\Wakeword\eval_clean\negatives\speech\en-GB-SoniaNeural_phrase_026.wav,negative,0.000082,False
J:\CLAUDE\PROJECTS\Wakeword\eval_clean\negatives\speech\en-GB-SoniaNeural_phrase_027.wav,negative,0.000000,False
J:\CLAUDE\PROJECTS\Wakeword\eval_clean\negatives\speech\en-GB-SoniaNeural_phrase_028.wav,negative,0.002364,False
J:\CLAUDE\PROJECTS\Wakeword\eval_clean\negatives\speech\en-GB-SoniaNeural_phrase_029.wav,negative,0.000804,False
J:\CLAUDE\PROJECTS\Wakeword\eval_clean\negatives\speech\en-IE-EmilyNeural_phrase_000.wav,negative,0.000491,False
J:\CLAUDE\PROJECTS\Wakeword\eval_clean\negatives\speech\en-IE-EmilyNeural_phrase_001.wav,negative,0.256124,False
J:\CLAUDE\PROJECTS\Wakeword\eval_clean\negatives\speech\en-IE-EmilyNeural_phrase_002.wav,negative,0.031349,False
J:\CLAUDE\PROJECTS\Wakeword\eval_clean\negatives\speech\en-IE-EmilyNeural_phrase_003.wav,negative,0.022698,False
J:\CLAUDE\PROJECTS\Wakeword\eval_clean\negatives\speech\en-IE-EmilyNeural_phrase_004.wav,negative,0.000005,False
J:\CLAUDE\PROJECTS\Wakeword\eval_clean\negatives\speech\en-IE-EmilyNeural_phrase_005.wav,negative,0.039925,False
J:\CLAUDE\PROJECTS\Wakeword\eval_clean\negatives\speech\en-IE-EmilyNeural_phrase_006.wav,negative,0.019790,False
J:\CLAUDE\PROJECTS\Wakeword\eval_clean\negatives\speech\en-IE-EmilyNeural_phrase_007.wav,negative,0.250394,False
J:\CLAUDE\PROJECTS\Wakeword\eval_clean\negatives\speech\en-IE-EmilyNeural_phrase_008.wav,negative,0.000100,False
J:\CLAUDE\PROJECTS\Wakeword\eval_clean\negatives\speech\en-IE-EmilyNeural_phrase_009.wav,negative,0.000287,False
J:\CLAUDE\PROJECTS\Wakeword\eval_clean\negatives\speech\en-IE-EmilyNeural_phrase_010.wav,negative,0.000048,False
J:\CLAUDE\PROJECTS\Wakeword\eval_clean\negatives\speech\en-IE-EmilyNeural_phrase_011.wav,negative,0.000775,False
J:\CLAUDE\PROJECTS\Wakeword\eval_clean\negatives\speech\en-IE-EmilyNeural_phrase_012.wav,negative,0.000076,False
J:\CLAUDE\PROJECTS\Wakeword\eval_clean\negatives\speech\en-IE-EmilyNeural_phrase_013.wav,negative,0.005231,False
J:\CLAUDE\PROJECTS\Wakeword\eval_clean\negatives\speech\en-IE-EmilyNeural_phrase_014.wav,negative,0.007871,False
J:\CLAUDE\PROJECTS\Wakeword\eval_clean\negatives\speech\en-IE-EmilyNeural_phrase_015.wav,negative,0.027509,False
J:\CLAUDE\PROJECTS\Wakeword\eval_clean\negatives\speech\en-IE-EmilyNeural_phrase_016.wav,negative,0.003144,False
J:\CLAUDE\PROJECTS\Wakeword\eval_clean\negatives\speech\en-IE-EmilyNeural_phrase_017.wav,negative,0.000074,False
J:\CLAUDE\PROJECTS\Wakeword\eval_clean\negatives\speech\en-IE-EmilyNeural_phrase_018.wav,negative,0.000055,False
J:\CLAUDE\PROJECTS\Wakeword\eval_clean\negatives\speech\en-IE-EmilyNeural_phrase_019.wav,negative,0.000029,False
J:\CLAUDE\PROJECTS\Wakeword\eval_clean\negatives\speech\en-IE-EmilyNeural_phrase_020.wav,negative,0.196523,False
J:\CLAUDE\PROJECTS\Wakeword\eval_clean\negatives\speech\en-IE-EmilyNeural_phrase_021.wav,negative,0.000000,False
J:\CLAUDE\PROJECTS\Wakeword\eval_clean\negatives\speech\en-IE-EmilyNeural_phrase_022.wav,negative,0.011955,False
J:\CLAUDE\PROJECTS\Wakeword\eval_clean\negatives\speech\en-IE-EmilyNeural_phrase_023.wav,negative,0.003164,False
J:\CLAUDE\PROJECTS\Wakeword\eval_clean\negatives\speech\en-IE-EmilyNeural_phrase_024.wav,negative,0.000113,False
J:\CLAUDE\PROJECTS\Wakeword\eval_clean\negatives\speech\en-IE-EmilyNeural_phrase_025.wav,negative,0.000000,False
J:\CLAUDE\PROJECTS\Wakeword\eval_clean\negatives\speech\en-IE-EmilyNeural_phrase_026.wav,negative,0.007520,False
J:\CLAUDE\PROJECTS\Wakeword\eval_clean\negatives\speech\en-IE-EmilyNeural_phrase_027.wav,negative,0.000000,False
J:\CLAUDE\PROJECTS\Wakeword\eval_clean\negatives\speech\en-IE-EmilyNeural_phrase_028.wav,negative,0.048388,False
J:\CLAUDE\PROJECTS\Wakeword\eval_clean\negatives\speech\en-IE-EmilyNeural_phrase_029.wav,negative,0.000024,False
J:\CLAUDE\PROJECTS\Wakeword\eval_clean\negatives\speech\en-IN-PrabhatNeural_phrase_000.wav,negative,0.008646,False
J:\CLAUDE\PROJECTS\Wakeword\eval_clean\negatives\speech\en-IN-PrabhatNeural_phrase_001.wav,negative,0.018317,False
J:\CLAUDE\PROJECTS\Wakeword\eval_clean\negatives\speech\en-IN-PrabhatNeural_phrase_002.wav,negative,0.000118,False
J:\CLAUDE\PROJECTS\Wakeword\eval_clean\negatives\speech\en-IN-PrabhatNeural_phrase_003.wav,negative,0.006264,False
J:\CLAUDE\PROJECTS\Wakeword\eval_clean\negatives\speech\en-IN-PrabhatNeural_phrase_004.wav,negative,0.000000,False
J:\CLAUDE\PROJECTS\Wakeword\eval_clean\negatives\speech\en-IN-PrabhatNeural_phrase_005.wav,negative,0.079576,False
J:\CLAUDE\PROJECTS\Wakeword\eval_clean\negatives\speech\en-IN-PrabhatNeural_phrase_006.wav,negative,0.000417,False
J:\CLAUDE\PROJECTS\Wakeword\eval_clean\negatives\speech\en-IN-PrabhatNeural_phrase_007.wav,negative,0.000011,False
J:\CLAUDE\PROJECTS\Wakeword\eval_clean\negatives\speech\en-IN-PrabhatNeural_phrase_008.wav,negative,0.000000,False
J:\CLAUDE\PROJECTS\Wakeword\eval_clean\negatives\speech\en-IN-PrabhatNeural_phrase_009.wav,negative,0.000284,False
J:\CLAUDE\PROJECTS\Wakeword\eval_clean\negatives\speech\en-IN-PrabhatNeural_phrase_010.wav,negative,0.000032,False
J:\CLAUDE\PROJECTS\Wakeword\eval_clean\negatives\speech\en-IN-PrabhatNeural_phrase_011.wav,negative,0.001727,False
J:\CLAUDE\PROJECTS\Wakeword\eval_clean\negatives\speech\en-IN-PrabhatNeural_phrase_012.wav,negative,0.000032,False
J:\CLAUDE\PROJECTS\Wakeword\eval_clean\negatives\speech\en-IN-PrabhatNeural_phrase_013.wav,negative,0.000244,False
J:\CLAUDE\PROJECTS\Wakeword\eval_clean\negatives\speech\en-IN-PrabhatNeural_phrase_014.wav,negative,0.000478,False
J:\CLAUDE\PROJECTS\Wakeword\eval_clean\negatives\speech\en-IN-PrabhatNeural_phrase_015.wav,negative,0.000770,False
J:\CLAUDE\PROJECTS\Wakeword\eval_clean\negatives\speech\en-IN-PrabhatNeural_phrase_016.wav,negative,0.000011,False
J:\CLAUDE\PROJECTS\Wakeword\eval_clean\negatives\speech\en-IN-PrabhatNeural_phrase_017.wav,negative,0.000076,False
J:\CLAUDE\PROJECTS\Wakeword\eval_clean\negatives\speech\en-IN-PrabhatNeural_phrase_018.wav,negative,0.009544,False
J:\CLAUDE\PROJECTS\Wakeword\eval_clean\negatives\speech\en-IN-PrabhatNeural_phrase_019.wav,negative,0.000001,False
J:\CLAUDE\PROJECTS\Wakeword\eval_clean\negatives\speech\en-IN-PrabhatNeural_phrase_020.wav,negative,0.000368,False
J:\CLAUDE\PROJECTS\Wakeword\eval_clean\negatives\speech\en-IN-PrabhatNeural_phrase_021.wav,negative,0.063350,False
J:\CLAUDE\PROJECTS\Wakeword\eval_clean\negatives\speech\en-IN-PrabhatNeural_phrase_022.wav,negative,0.001241,False
J:\CLAUDE\PROJECTS\Wakeword\eval_clean\negatives\speech\en-IN-PrabhatNeural_phrase_023.wav,negative,0.006665,False
J:\CLAUDE\PROJECTS\Wakeword\eval_clean\negatives\speech\en-IN-PrabhatNeural_phrase_024.wav,negative,0.000000,False
J:\CLAUDE\PROJECTS\Wakeword\eval_clean\negatives\speech\en-IN-PrabhatNeural_phrase_025.wav,negative,0.007234,False
J:\CLAUDE\PROJECTS\Wakeword\eval_clean\negatives\speech\en-IN-PrabhatNeural_phrase_026.wav,negative,0.001226,False
J:\CLAUDE\PROJECTS\Wakeword\eval_clean\negatives\speech\en-IN-PrabhatNeural_phrase_027.wav,negative,0.000000,False
J:\CLAUDE\PROJECTS\Wakeword\eval_clean\negatives\speech\en-IN-PrabhatNeural_phrase_028.wav,negative,0.000949,False
J:\CLAUDE\PROJECTS\Wakeword\eval_clean\negatives\speech\en-IN-PrabhatNeural_phrase_029.wav,negative,0.001597,False
J:\CLAUDE\PROJECTS\Wakeword\eval_clean\negatives\speech\en-US-GuyNeural_phrase_000.wav,negative,0.000026,False
J:\CLAUDE\PROJECTS\Wakeword\eval_clean\negatives\speech\en-US-GuyNeural_phrase_001.wav,negative,0.016895,False
J:\CLAUDE\PROJECTS\Wakeword\eval_clean\negatives\speech\en-US-GuyNeural_phrase_002.wav,negative,0.000052,False
J:\CLAUDE\PROJECTS\Wakeword\eval_clean\negatives\speech\en-US-GuyNeural_phrase_003.wav,negative,0.000240,False
J:\CLAUDE\PROJECTS\Wakeword\eval_clean\negatives\speech\en-US-GuyNeural_phrase_004.wav,negative,0.000001,False
J:\CLAUDE\PROJECTS\Wakeword\eval_clean\negatives\speech\en-US-GuyNeural_phrase_005.wav,negative,0.000014,False
J:\CLAUDE\PROJECTS\Wakeword\eval_clean\negatives\speech\en-US-GuyNeural_phrase_006.wav,negative,0.000826,False
J:\CLAUDE\PROJECTS\Wakeword\eval_clean\negatives\speech\en-US-GuyNeural_phrase_007.wav,negative,0.000003,False
J:\CLAUDE\PROJECTS\Wakeword\eval_clean\negatives\speech\en-US-GuyNeural_phrase_008.wav,negative,0.000000,False
J:\CLAUDE\PROJECTS\Wakeword\eval_clean\negatives\speech\en-US-GuyNeural_phrase_009.wav,negative,0.000026,False
J:\CLAUDE\PROJECTS\Wakeword\eval_clean\negatives\speech\en-US-GuyNeural_phrase_010.wav,negative,0.000000,False
J:\CLAUDE\PROJECTS\Wakeword\eval_clean\negatives\speech\en-US-GuyNeural_phrase_011.wav,negative,0.000324,False
J:\CLAUDE\PROJECTS\Wakeword\eval_clean\negatives\speech\en-US-GuyNeural_phrase_012.wav,negative,0.003568,False
J:\CLAUDE\PROJECTS\Wakeword\eval_clean\negatives\speech\en-US-GuyNeural_phrase_013.wav,negative,0.000020,False
J:\CLAUDE\PROJECTS\Wakeword\eval_clean\negatives\speech\en-US-GuyNeural_phrase_014.wav,negative,0.000016,False
J:\CLAUDE\PROJECTS\Wakeword\eval_clean\negatives\speech\en-US-GuyNeural_phrase_015.wav,negative,0.000961,False
J:\CLAUDE\PROJECTS\Wakeword\eval_clean\negatives\speech\en-US-GuyNeural_phrase_016.wav,negative,0.000000,False
J:\CLAUDE\PROJECTS\Wakeword\eval_clean\negatives\speech\en-US-GuyNeural_phrase_017.wav,negative,0.000013,False
J:\CLAUDE\PROJECTS\Wakeword\eval_clean\negatives\speech\en-US-GuyNeural_phrase_018.wav,negative,0.002985,False
J:\CLAUDE\PROJECTS\Wakeword\eval_clean\negatives\speech\en-US-GuyNeural_phrase_019.wav,negative,0.000000,False
J:\CLAUDE\PROJECTS\Wakeword\eval_clean\negatives\speech\en-US-GuyNeural_phrase_020.wav,negative,0.010523,False
J:\CLAUDE\PROJECTS\Wakeword\eval_clean\negatives\speech\en-US-GuyNeural_phrase_021.wav,negative,0.000000,False
J:\CLAUDE\PROJECTS\Wakeword\eval_clean\negatives\speech\en-US-GuyNeural_phrase_022.wav,negative,0.000306,False
J:\CLAUDE\PROJECTS\Wakeword\eval_clean\negatives\speech\en-US-GuyNeural_phrase_023.wav,negative,0.000021,False
J:\CLAUDE\PROJECTS\Wakeword\eval_clean\negatives\speech\en-US-GuyNeural_phrase_024.wav,negative,0.000000,False
J:\CLAUDE\PROJECTS\Wakeword\eval_clean\negatives\speech\en-US-GuyNeural_phrase_025.wav,negative,0.000001,False
J:\CLAUDE\PROJECTS\Wakeword\eval_clean\negatives\speech\en-US-GuyNeural_phrase_026.wav,negative,0.000134,False
J:\CLAUDE\PROJECTS\Wakeword\eval_clean\negatives\speech\en-US-GuyNeural_phrase_027.wav,negative,0.000000,False
J:\CLAUDE\PROJECTS\Wakeword\eval_clean\negatives\speech\en-US-GuyNeural_phrase_028.wav,negative,0.021978,False
J:\CLAUDE\PROJECTS\Wakeword\eval_clean\negatives\speech\en-US-GuyNeural_phrase_029.wav,negative,0.000050,False
J:\CLAUDE\PROJECTS\Wakeword\eval_clean\negatives\speech\en-US-JennyNeural_phrase_000.wav,negative,0.001676,False
J:\CLAUDE\PROJECTS\Wakeword\eval_clean\negatives\speech\en-US-JennyNeural_phrase_001.wav,negative,0.009813,False
J:\CLAUDE\PROJECTS\Wakeword\eval_clean\negatives\speech\en-US-JennyNeural_phrase_002.wav,negative,0.000350,False
J:\CLAUDE\PROJECTS\Wakeword\eval_clean\negatives\speech\en-US-JennyNeural_phrase_003.wav,negative,0.000027,False
J:\CLAUDE\PROJECTS\Wakeword\eval_clean\negatives\speech\en-US-JennyNeural_phrase_004.wav,negative,0.000000,False
J:\CLAUDE\PROJECTS\Wakeword\eval_clean\negatives\speech\en-US-JennyNeural_phrase_005.wav,negative,0.000066,False
J:\CLAUDE\PROJECTS\Wakeword\eval_clean\negatives\speech\en-US-JennyNeural_phrase_006.wav,negative,0.002153,False
J:\CLAUDE\PROJECTS\Wakeword\eval_clean\negatives\speech\en-US-JennyNeural_phrase_007.wav,negative,0.000001,False
J:\CLAUDE\PROJECTS\Wakeword\eval_clean\negatives\speech\en-US-JennyNeural_phrase_008.wav,negative,0.000000,False
J:\CLAUDE\PROJECTS\Wakeword\eval_clean\negatives\speech\en-US-JennyNeural_phrase_009.wav,negative,0.000003,False
J:\CLAUDE\PROJECTS\Wakeword\eval_clean\negatives\speech\en-US-JennyNeural_phrase_010.wav,negative,0.000000,False
J:\CLAUDE\PROJECTS\Wakeword\eval_clean\negatives\speech\en-US-JennyNeural_phrase_011.wav,negative,0.002039,False
J:\CLAUDE\PROJECTS\Wakeword\eval_clean\negatives\speech\en-US-JennyNeural_phrase_012.wav,negative,0.000013,False
J:\CLAUDE\PROJECTS\Wakeword\eval_clean\negatives\speech\en-US-JennyNeural_phrase_013.wav,negative,0.000082,False
J:\CLAUDE\PROJECTS\Wakeword\eval_clean\negatives\speech\en-US-JennyNeural_phrase_014.wav,negative,0.000374,False
J:\CLAUDE\PROJECTS\Wakeword\eval_clean\negatives\speech\en-US-JennyNeural_phrase_015.wav,negative,0.009367,False
J:\CLAUDE\PROJECTS\Wakeword\eval_clean\negatives\speech\en-US-JennyNeural_phrase_016.wav,negative,0.000000,False
J:\CLAUDE\PROJECTS\Wakeword\eval_clean\negatives\speech\en-US-JennyNeural_phrase_017.wav,negative,0.000230,False
J:\CLAUDE\PROJECTS\Wakeword\eval_clean\negatives\speech\en-US-JennyNeural_phrase_018.wav,negative,0.052425,False
J:\CLAUDE\PROJECTS\Wakeword\eval_clean\negatives\speech\en-US-JennyNeural_phrase_019.wav,negative,0.000000,False
J:\CLAUDE\PROJECTS\Wakeword\eval_clean\negatives\speech\en-US-JennyNeural_phrase_020.wav,negative,0.181146,False
J:\CLAUDE\PROJECTS\Wakeword\eval_clean\negatives\speech\en-US-JennyNeural_phrase_021.wav,negative,0.000000,False
J:\CLAUDE\PROJECTS\Wakeword\eval_clean\negatives\speech\en-US-JennyNeural_phrase_022.wav,negative,0.009473,False
J:\CLAUDE\PROJECTS\Wakeword\eval_clean\negatives\speech\en-US-JennyNeural_phrase_023.wav,negative,0.000020,False
J:\CLAUDE\PROJECTS\Wakeword\eval_clean\negatives\speech\en-US-JennyNeural_phrase_024.wav,negative,0.000000,False
J:\CLAUDE\PROJECTS\Wakeword\eval_clean\negatives\speech\en-US-JennyNeural_phrase_025.wav,negative,0.000000,False
J:\CLAUDE\PROJECTS\Wakeword\eval_clean\negatives\speech\en-US-JennyNeural_phrase_026.wav,negative,0.000001,False
J:\CLAUDE\PROJECTS\Wakeword\eval_clean\negatives\speech\en-US-JennyNeural_phrase_027.wav,negative,0.000000,False
J:\CLAUDE\PROJECTS\Wakeword\eval_clean\negatives\speech\en-US-JennyNeural_phrase_028.wav,negative,0.023310,False
J:\CLAUDE\PROJECTS\Wakeword\eval_clean\negatives\speech\en-US-JennyNeural_phrase_029.wav,negative,0.000691,False
J:\CLAUDE\PROJECTS\Wakeword\eval_clean\negatives\speech\en-ZA-LukeNeural_phrase_000.wav,negative,0.000000,False
J:\CLAUDE\PROJECTS\Wakeword\eval_clean\negatives\speech\en-ZA-LukeNeural_phrase_001.wav,negative,0.006893,False
J:\CLAUDE\PROJECTS\Wakeword\eval_clean\negatives\speech\en-ZA-LukeNeural_phrase_002.wav,negative,0.000680,False
J:\CLAUDE\PROJECTS\Wakeword\eval_clean\negatives\speech\en-ZA-LukeNeural_phrase_003.wav,negative,0.000144,False
J:\CLAUDE\PROJECTS\Wakeword\eval_clean\negatives\speech\en-ZA-LukeNeural_phrase_004.wav,negative,0.000008,False
J:\CLAUDE\PROJECTS\Wakeword\eval_clean\negatives\speech\en-ZA-LukeNeural_phrase_005.wav,negative,0.000001,False
J:\CLAUDE\PROJECTS\Wakeword\eval_clean\negatives\speech\en-ZA-LukeNeural_phrase_006.wav,negative,0.003881,False
J:\CLAUDE\PROJECTS\Wakeword\eval_clean\negatives\speech\en-ZA-LukeNeural_phrase_007.wav,negative,0.000047,False
J:\CLAUDE\PROJECTS\Wakeword\eval_clean\negatives\speech\en-ZA-LukeNeural_phrase_008.wav,negative,0.000000,False
J:\CLAUDE\PROJECTS\Wakeword\eval_clean\negatives\speech\en-ZA-LukeNeural_phrase_009.wav,negative,0.000818,False
J:\CLAUDE\PROJECTS\Wakeword\eval_clean\negatives\speech\en-ZA-LukeNeural_phrase_010.wav,negative,0.000000,False
J:\CLAUDE\PROJECTS\Wakeword\eval_clean\negatives\speech\en-ZA-LukeNeural_phrase_011.wav,negative,0.002111,False
J:\CLAUDE\PROJECTS\Wakeword\eval_clean\negatives\speech\en-ZA-LukeNeural_phrase_012.wav,negative,0.000038,False
J:\CLAUDE\PROJECTS\Wakeword\eval_clean\negatives\speech\en-ZA-LukeNeural_phrase_013.wav,negative,0.000077,False
J:\CLAUDE\PROJECTS\Wakeword\eval_clean\negatives\speech\en-ZA-LukeNeural_phrase_014.wav,negative,0.000106,False
J:\CLAUDE\PROJECTS\Wakeword\eval_clean\negatives\speech\en-ZA-LukeNeural_phrase_015.wav,negative,0.003362,False
J:\CLAUDE\PROJECTS\Wakeword\eval_clean\negatives\speech\en-ZA-LukeNeural_phrase_016.wav,negative,0.000001,False
J:\CLAUDE\PROJECTS\Wakeword\eval_clean\negatives\speech\en-ZA-LukeNeural_phrase_017.wav,negative,0.000005,False
J:\CLAUDE\PROJECTS\Wakeword\eval_clean\negatives\speech\en-ZA-LukeNeural_phrase_018.wav,negative,0.000126,False
J:\CLAUDE\PROJECTS\Wakeword\eval_clean\negatives\speech\en-ZA-LukeNeural_phrase_019.wav,negative,0.000001,False
J:\CLAUDE\PROJECTS\Wakeword\eval_clean\negatives\speech\en-ZA-LukeNeural_phrase_020.wav,negative,0.005666,False
J:\CLAUDE\PROJECTS\Wakeword\eval_clean\negatives\speech\en-ZA-LukeNeural_phrase_021.wav,negative,0.000000,False
J:\CLAUDE\PROJECTS\Wakeword\eval_clean\negatives\speech\en-ZA-LukeNeural_phrase_022.wav,negative,0.000554,False
J:\CLAUDE\PROJECTS\Wakeword\eval_clean\negatives\speech\en-ZA-LukeNeural_phrase_023.wav,negative,0.001323,False
J:\CLAUDE\PROJECTS\Wakeword\eval_clean\negatives\speech\en-ZA-LukeNeural_phrase_024.wav,negative,0.000005,False
J:\CLAUDE\PROJECTS\Wakeword\eval_clean\negatives\speech\en-ZA-LukeNeural_phrase_025.wav,negative,0.000009,False
J:\CLAUDE\PROJECTS\Wakeword\eval_clean\negatives\speech\en-ZA-LukeNeural_phrase_026.wav,negative,0.000028,False
J:\CLAUDE\PROJECTS\Wakeword\eval_clean\negatives\speech\en-ZA-LukeNeural_phrase_027.wav,negative,0.000000,False
J:\CLAUDE\PROJECTS\Wakeword\eval_clean\negatives\speech\en-ZA-LukeNeural_phrase_028.wav,negative,0.000519,False
J:\CLAUDE\PROJECTS\Wakeword\eval_clean\negatives\speech\en-ZA-LukeNeural_phrase_029.wav,negative,0.000007,False
